"","date","prod_auto_br","prod_lev_br","prod_cam_br","prod_onib_br","pmoed_pub_bcb","bm_rest_bcb","m1_bcb","m2_bcb","pmoed_circ_bcb","BM_resb_bcb","iee_fgv","ice_fgv","indboig_cepeaesalq_arr","medp_boig_sp_cepea","soja_RSs_cepea_60kgpar","soja_USS_cepea_60kgpar","pim_bk_ibge","pim_bint_ibge","pim_bcons_ibge","pim_bconsdur_ibge","pim_bconsndursemi_ibge","pim_indextr_ibge","pim_indtrans_ibge","selic_copom","pmc_abr_ibge","pmc_ars_ibge","CRB_total_reuters"
"1","dez/01",86838,13142,3766,778,32584045,44930680,72680704,314085223,37668836,15587135,105.4,95.3,46.12,46.97,27.19,11.49,NA,NA,NA,NA,NA,NA,NA,19,68.18099,76.52902,123.13
"2","jan/02",98106,12088,4826,1810,27239411,46278581,74302356,315295459,32388231,17334600,111.4,97.6,45.62,46.42,25.15,10.56,58.19209,87.97245,86.32197,79.78011,87.7197,72.33534,85.14812,19,46.91272,50.15594,121.34
"3","fev/02",96240,12360,5345,2055,26732167,45950179,74350320,317613373,32102817,15788389,94.4,98.1,45.72,46.49,22.39,9.26,56.75125,85.22869,82.05456,76.99005,83.11683,68.27858,82.08498,18.75,44.02444,47.95818,125.72
"4","mar/02",120508,14913,6350,2116,27191413,49353891,76080220,329184301,32547930,16306755,103,98.4,44.7,45.46,21.22,9.05,64.68231,94.9415,90.04082,90.99818,89.70269,78.50973,90.9636,18.5,50.50119,55.88581,139.73
"5","abr/02",127025,16084,6792,2433,26006602,48707081,79167390,331606021,31178230,15567366,95,99.1,42.47,43.2,22.44,9.66,68.89823,96.00238,94.55572,101.83394,92.75267,77.05576,93.77772,18.5,47.17529,53.84503,139.46
"6","mai/02",121122,14784,6443,2177,26996297,53072302,79079233,330389063,32930327,18582861,104.5,98.9,42.17,42.86,25.42,10.23,66.66389,99.12757,92.98659,92.64642,92.94413,79.04382,94.70631,18.5,50.58872,57.37714,138.98
"7","jun/02",108729,14248,5536,1945,28281540,53917780,84166936,347917816,33899629,16792917,103.8,98.5,42.45,43.15,29.36,10.79,61.71547,97.15759,87.59747,81.09107,88.98536,78.72606,91.07112,18.5,47.17529,54.08051,142.05
"8","jul/02",111633,14071,5938,1598,28880966,54327989,88302139,360108940,34679951,17752576,107.8,98.2,43.95,44.69,33.01,11.23,67.96085,102.1704,97.28036,85.8333,99.7961,81.56119,98.03895,18,49.18834,55.17938,142.72
"9","ago/02",107017,12709,5581,1866,30785260,56369801,90969754,372451926,36396984,18588487,126.3,98.4,49.22,50.03,36.15,11.65,64.58088,101.51946,100.53527,86.39435,103.6686,82.0684,98.40978,18,50.76376,57.14167,149.41
"10","set/02",118624,15133,5353,1786,31449398,62609614,91675072,379010436,37819862,22949839,118.3,98.6,49.96,50.84,41.65,12.45,64.59495,99.05224,99.51779,93.56087,100.76334,77.66715,96.85399,18,46.91272,50.07745,154.15
"11","out/02",135135,14634,5856,1602,33073425,62625137,93888095,385346720,39188893,21451238,132.1,99,53.63,54.63,46.46,12.23,70.96734,104.60387,112.77581,107.99848,113.73182,81.81241,105.35167,21,50.85129,54.86542,153.12
"12","nov/02",126985,14291,6262,1422,34709343,60564871,93585955,386967538,41071902,19487037,127.7,98.7,57.8,58.93,46.94,13.11,66.79613,98.52809,105.85536,103.76443,106.20027,77.63629,99.06174,22,49.62596,55.17938,154.48
"13","dez/02",105095,12452,4072,640,42281023,63693928,94087592,387904900,49931066,23371206,125,98.3,57.59,58.77,48.91,13.42,58.60638,89.33696,91.5525,82.26822,93.57646,74.07857,87.78926,25,64.68004,71.34859,164.44
"14","jan/03",112667,11493,6266,1782,36950119,60451860,92692788,388983702,43639339,20730918,118.4,97.3,57.03,58.28,43.1,12.56,57.36889,91.64668,85.94287,87.1565,85.55091,79.43513,86.66795,25.5,44.81215,48.50762,178.34
"15","fev/03",119461,13002,6838,1828,36187874,65764503,91974115,393386011,43663530,23830903,112.4,96.5,56.92,58.2,42.79,11.91,60.20825,88.36867,82.92245,86.68376,81.94634,73.60926,84.31084,26.5,43.32425,46.46685,188.12
"16","mar/03",106398,12468,6763,1857,33135343,67063730,91084272,391330605,39909573,26122882,108.8,95,56.38,57.69,39.71,11.54,59.28463,99.24418,84.61273,80.49703,85.45267,83.28259,90.68017,26.5,44.72463,50.15594,173.26
"17","abr/03",110405,12248,6111,2019,32455460,70608059,90537788,391179180,39047731,29181057,98.9,94.1,55.08,56.34,37.2,11.96,60.75162,96.29047,85.9666,87.61703,85.47378,80.03548,89.78428,26.5,45.42482,51.56878,169.79
"18","mai/03",119575,13816,6320,2146,32518855,67065375,89781191,391269812,38816444,26297150,113.6,92.1,52.02,53.22,37.18,12.54,62.88912,100.13129,89.83287,87.29369,90.30211,84.70589,93.40012,26.5,47.43786,56.12128,177.32
"19","jun/03",104690,11894,5874,2053,31923287,66897434,91123948,390095023,38798575,25039366,103.6,89.8,52.69,53.9,36.9,12.81,59.84164,96.2518,85.504,79.01492,86.89062,76.78432,89.70153,26,44.46205,51.01934,177.67
"20","jul/03",110194,12522,6228,1986,32442835,69744219,90477431,391750852,39231301,28609905,111.4,87.1,54.88,56.09,35.64,12.37,65.77214,101.64941,92.16262,82.75268,94.21479,81.74418,95.64875,24.5,47.00024,53.13861,179.98
"21","ago/03",110124,11651,6531,2047,33249694,59694098,90108477,390733441,39812705,18617315,105.9,93,57.09,58.25,36.55,12.18,65.24417,101.24679,94.01187,86.03946,95.72981,84.92759,95.8104,22,47.87548,53.45258,187.84
"22","set/03",134193,12951,6518,2239,32474440,58199791,89262471,391484588,39155681,16954428,94.5,98.9,59.02,60.16,39.76,13.61,71.20448,104.09117,101.3288,100.13574,101.47236,82.20294,100.95681,20,45.59986,49.13555,185.27
"23","out/03",136755,14820,6932,2716,33326398,59990328,90885346,389883898,40139626,17570812,98.6,104.9,59.26,60.33,45.82,16.03,79.29971,107.03942,108.94328,110.26406,108.49665,84.56642,106.18827,19,49.36338,54.23749,190.9
"24","nov/03",136884,14086,7916,2642,35229376,62343269,93935725,399528992,42691722,19725645,96.9,104.6,60.34,61.39,48.1,16.51,79.67665,98.83341,103.77366,108.24978,102.60542,80.71531,99.7378,17.5,49.53843,53.60956,216.46
"25","dez/03",126924,13230,5488,1164,42992662,62195938,96799140,403124779,51363863,21855273,92.8,104.4,60.1,61.15,46.48,15.88,67.1533,92.89115,94.26782,94.63971,94.05932,81.65883,91.34955,16.5,66.78061,74.25277,204.25
"26","jan/04",128789,13591,6245,1376,38282671,64567153,98722395,406356811,46063907,22835861,94.5,103.5,60.17,61.14,46.29,16.24,65.64871,94.4566,88.4536,97.82377,86.1756,79.37047,90.15456,16.5,47.52539,51.09784,209.57
"27","fev/04",124786,15053,7181,1746,37618176,67660620,101887723,412134030,46011386,22857607,90,104.7,58.59,59.54,45.23,15.46,65.72891,92.33654,82.32894,89.14697,80.64803,76.81952,86.89904,16.5,45.51234,48.50762,225.34
"28","mar/04",156846,17303,9212,2148,36125291,64562056,102868175,416538559,44481983,18640645,98.2,105.4,58.02,58.99,51.11,17.59,82.95766,106.33483,98.41837,114.41044,94.59889,82.81256,102.49825,16.25,49.62596,54.78693,229.25
"29","abr/04",136934,15715,8611,2115,36863148,68242891,105564362,422106680,45160663,20452320,101.9,105.9,58.11,59.16,51.81,17.83,76.27416,101.54533,92.07766,105.80764,88.78858,80.75444,96.76917,16,50.06357,56.04279,227.72
"30","mai/04",143875,17014,9116,2375,37234567,69335159,106909590,433361728,46024983,20797170,94.7,109.6,59.43,60.52,49.21,15.87,81.42104,107.13325,95.49112,107.48472,92.5984,82.97995,101.75276,16,52.51424,58.78998,237.52
"31","jun/04",151136,17182,8928,2439,37829098,70739018,107398233,440100854,46645619,21346651,93.6,112.9,60.49,61.73,45.04,14.4,80.95217,106.31305,96.26855,107.18979,93.62235,84.05209,101.4294,16,50.23862,55.0224,225.56
"32","jul/04",150258,17711,9351,2575,39488556,74958710,108859376,446567947,48228562,24881866,94.6,116.4,60.33,61.46,40.44,13.31,83.28056,111.64152,100.40629,109.79752,98.10789,87.80299,106.1034,16,52.68929,58.71149,235.07
"33","ago/04",161981,19093,9686,2144,39046661,73689524,110769923,452723482,48064055,24137229,91.8,115,61.58,62.58,39.13,13.05,85.86741,112.12282,105.90956,118.58923,102.84493,91.35267,108.4255,16,51.11386,56.67072,234.65
"34","set/04",161712,21214,9698,2111,40367978,73203517,112953098,456927571,49826634,21128627,93.6,114.2,60,61.06,37.82,13.08,82.85695,110.38001,109.70592,122.40685,106.63144,87.43,108.65821,16.25,49.801,53.2171,249.25
"35","out/04",149862,21367,9110,2242,41498381,74256023,113807316,464328042,50770633,20901849,89.5,113.2,59.64,60.65,34.47,12.08,84.19532,111.98383,111.28721,120.6362,108.9844,89.89885,110.17916,16.75,53.477,58.94697,252.07
"36","nov/04",160529,21260,9557,2474,42094944,74624703,113380069,470335377,52152496,22945105,91.9,113.2,61.74,62.81,33.75,12.11,85.03302,106.60059,114.13264,122.8789,111.96525,85.5991,108.35531,17.25,52.60176,57.37714,252.76
"37","dez/04",150934,20232,8097,1263,51942749,76026614,112030745,479349339,61935635,26797042,89.8,111.6,61.18,62.24,32.63,11.99,77.11653,99.15645,104.49239,107.07509,103.76027,87.14522,99.50009,17.75,74.39517,81.78793,249.85
"38","jan/05",129739,15914,8019,1861,45276520,79038151,117537302,488836254,55647160,27824175,93.1,109.7,59.56,60.62,32.84,12.2,70.88082,97.87143,95.84655,98.34724,95.14461,85.23454,95.05259,18.25,50.50119,53.45258,248.08
"39","fev/05",149317,17356,8116,1971,43828891,78566153,118036615,493662013,54393943,24721938,90.8,107.4,58.23,59.29,29.53,11.36,67.57748,92.65245,89.44205,103.96663,85.97299,78.03375,89.74077,18.75,46.4751,49.84198,265.33
"40","mar/05",180083,19138,10200,2523,42784832,80044134,120437634,506669340,53295041,24981400,91.4,104.7,57.18,58.28,35.12,12.98,84.21947,105.52585,103.20157,126.25118,97.74678,88.30164,103.53528,19.25,53.477,57.14167,275.74
"41","abr/05",166151,19123,9755,2578,43102057,80800796,119514117,511305892,53174650,24617324,98.3,102.3,55.4,56.48,32.88,12.75,79.4434,104.53629,102.67348,120.90052,98.33256,91.88625,101.99578,19.5,51.72652,55.65033,259.34
"42","mai/05",173971,20756,9888,2754,42443495,82977424,121628087,510331528,53034047,26697117,99.6,101.4,54.23,55.25,31.47,12.84,85.25705,109.96678,106.10727,123.07244,102.05317,97.40822,106.7511,19.75,53.91462,56.12128,255.96
"43","jun/05",177562,22381,10480,3344,43504601,80745769,122682351,516411701,53931040,24563135,100.4,100,53.78,54.84,33.08,13.71,88.328,109.67354,106.6499,124.8337,102.3138,96.92843,107.14086,19.75,52.86433,54.55145,263.56
"44","jul/05",166328,22395,8409,2827,44870424,82337075,122729162,521840091,55627479,24656097,99.8,98.3,52.61,53.61,32.87,13.84,79.63135,109.7991,106.09315,118.59179,103.07006,97.39026,106.01579,19.75,55.05243,57.06317,274.81
"45","ago/05",176427,21772,9613,3149,44150933,81509312,122793032,528003756,55037412,24782642,99.3,98.5,51.3,52.26,31.62,13.4,88.09945,113.111,115.49631,130.67975,111.84126,98.49883,112.24631,19.75,54.61481,54.159,291.06
"46","set/05",164582,20932,10963,2378,45680939,82073265,124648103,535677487,56352150,23753421,95.4,99.1,50.02,51.07,29.75,12.97,87.35496,109.14265,109.90868,117.12301,108.1004,96.69902,107.93151,19.5,52.51424,51.09784,295.06
"47","out/05",153363,17514,9931,2154,45137713,82508359,123701968,538483513,57231946,22655016,92.3,99.3,55.47,56.5,28.9,12.81,84.88363,110.9933,113.55313,121.4055,111.59283,99.62757,109.86336,19,55.49004,54.39447,281.17
"48","nov/05",173545,20971,10089,2289,47137388,84807389,126343010,543807041,59440290,26074980,97.4,97.8,56.01,57.09,28.17,12.74,87.41262,106.12421,116.29847,131.11638,112.72675,94.63481,108.54696,18.5,55.22747,54.94391,280.29
"49","dez/05",168477,17088,7458,1538,58179315,86981546,127065977,562740762,70033641,31213594,89.4,100.3,51.74,52.69,29.66,12.99,80.79365,99.33879,109.58588,119.89285,107.06415,95.51433,101.31841,18,78.07117,77.15695,296.91
"50","jan/06",157022,18671,6052,1895,49904427,88656856,128925886,564750186,62265028,30578034,93.4,100.6,49.64,50.56,29.25,12.87,73.93613,100.23745,100.00674,118.76042,95.54773,97.09017,97.53989,17.25,53.82709,51.64728,313.13
"51","fev/06",162367,17686,7701,2345,51178720,94766447,132205039,574731572,64861545,29765693,89,100.7,50.53,51.48,27.53,12.73,73.94494,94.71882,97.26683,118.3023,92.28469,88.10328,93.83834,17.25,49.36338,48.19366,292.32
"52","mar/06",177645,22126,9893,3130,48628660,90575946,132932621,582400962,60667366,28067933,92.3,101.3,49.6,50.45,25.7,11.94,90.6327,108.50846,111.28853,136.13284,105.40895,99.84122,108.20559,16.5,55.05243,55.57184,301.44
"53","abr/06",154730,19571,7744,2716,48993331,92253403,133738960,587203219,61966202,26946524,90.1,100.9,50.26,51.13,24.91,11.71,78.00114,102.8828,101.30294,122.16688,96.35514,96.31572,100.08522,15.75,55.57757,56.8277,317.69
"54","mai/06",181583,24675,9729,3356,48562760,90033912,137903096,598052039,61236590,24922337,98,98.3,48.85,49.75,26.46,12.13,89.93534,113.82718,112.91169,141.13741,106.24948,103.91566,111.60809,15.75,57.94071,58.39753,314.5
"55","jun/06",173662,20225,8699,2829,50652361,96256141,138035588,602297708,63272460,31362417,94.1,100.4,48.83,49.74,27.59,12.29,85.41611,108.89865,107.79819,128.24601,102.93799,97.92285,106.71794,15.25,54.9649,54.159,317.15
"56","jul/06",169180,21598,9066,3099,51242097,97140614,140449928,607750952,65769979,28822029,93.5,102.5,50.41,51.39,27.73,12.66,86.71058,113.13058,109.55758,123.3,106.24289,103.84325,109.63611,14.75,56.27776,54.94391,321.68
"57","ago/06",188344,20759,9635,3105,52054839,102229370,143322764,605866823,66384250,33476654,94,101.6,55.9,56.85,27.3,12.66,94.60773,116.149,118.74459,141.23925,113.39767,104.00713,115.58881,14.25,58.11576,55.9643,303.86
"58","set/06",158603,19127,8913,1957,56057682,101708534,145675809,606212294,71347771,29023782,96.4,102.9,59.01,59.99,28.11,12.96,87.06239,109.40383,113.85902,123.27171,111.53816,101.47888,109.14785,14.25,57.76566,55.65033,283.32
"59","out/06",175251,21269,9014,2122,55079075,102223938,149688929,620052634,71119021,28742912,98.5,102.5,61.55,62.47,30.54,14.22,92.45308,112.23563,122.10954,138.78896,118.10057,104.45498,114.19037,13.75,59.34109,56.59223,284.83
"60","nov/06",178286,19778,9194,1639,57494944,104397557,151946260,630098114,73640792,31694216,91.7,105.5,55.05,55.84,33.06,15.31,94.12789,108.96332,121.43889,139.21779,117.17701,103.03579,112.28204,13.25,60.21633,56.12128,300.66
"61","dez/06",150632,18181,7657,1219,68810851,105507816,153487906,636923129,85824753,35277248,97.7,106.3,53.48,54.28,31.93,14.85,86.56097,100.36566,107.32451,111.45184,106.23216,103.15233,101.26767,13.25,82.53488,79.51169,288.44
"62","jan/07",161605,20404,6945,1824,59945896,105929762,155629087,640243857,76881753,32813844,91.8,105.6,53.57,54.3,32,14.96,87.06634,103.14288,102.71265,124.78107,97.48499,102.13743,101.37432,13,58.37833,55.0224,284.07
"63","fev/07",159393,20012,8716,2397,58655943,105812577,156323386,645035711,75702005,29434735,97,107.8,55.14,55.86,32.58,15.53,84.21131,97.5409,97.581,116.19203,93.15808,93.64766,96.4225,13,53.82709,51.09784,295.76
"64","mar/07",195931,24346,11148,3526,58994611,108919980,160580353,652383365,74489218,32746486,91.5,110.1,55.93,56.7,31.8,15.23,102.16151,113.18169,113.9369,148.28518,105.86009,105.43052,112.86589,12.75,61.44166,58.86847,301.27
"65","abr/07",177941,21353,10157,2925,58592917,118235264,164318864,663945388,75535634,38870604,95.5,111.3,55.82,56.54,30.01,14.77,91.41984,107.86218,105.95909,133.4638,99.47235,101.65515,105.87783,12.5,59.86623,58.08356,298.56
"66","mai/07",204063,22451,11804,3526,59215195,112485207,166778085,665996441,75084791,33165861,96.8,111.6,55.55,56.21,30.08,15.2,107.13764,116.79421,118.33792,152.51975,110.2938,107.27663,117.01963,12.5,64.06737,62.32209,298.59
"67","jun/07",193968,23908,11686,3274,61275981,116777909,171269743,675594353,77487205,38116926,89.3,112.3,57.4,58.1,30.71,15.89,99.68385,114.11145,114.65502,139.39911,108.7942,106.34621,113.33264,12,61.26661,58.94697,303.84
"68","jul/07",212032,25810,11975,3321,61182567,118935605,175306230,683783107,78422778,37389303,88.4,113.8,61.48,62.29,31.34,16.65,103.65057,118.02097,117.19805,143.40063,110.99726,111.27758,116.70186,11.5,61.52918,58.47602,313.23
"69","ago/07",218310,29008,13079,3527,63107254,117475075,179128948,695178319,79834788,34653590,96.2,112.5,64.35,65.2,34.56,17.6,114.78051,120.69708,126.90387,158.40287,119.46788,111.09261,123.02523,11.5,64.06737,60.98774,299.52
"70","set/07",201543,25372,11956,2829,66158600,121052353,177851007,703678725,83963314,36376745,96.2,113.1,61.4,62.09,38.67,20.39,106.14369,112.90859,119.76708,142.66543,114.32566,105.56753,115.22247,11.25,62.49194,58.24054,324.72
"71","out/07",236446,29585,14168,3206,65378078,124941188,184377388,718397839,83780516,39186070,97.2,115.4,63.82,64.54,39.91,22.17,117.84211,121.80619,134.14554,169.16318,125.88792,108.77695,126.76087,11.25,65.03013,62.87153,342.83
"72","nov/07",218002,28760,13014,2953,69336167,130329325,187571429,727531664,88018029,42829448,96.3,115.6,72.54,73.38,42.07,23.75,115.5897,113.6363,129.64678,159.35054,122.62162,106.64295,120.17717,11.25,66.43051,61.92964,332.91
"73","dez/07",181505,24729,9091,1700,82095431,129746765,204953537,756941789,102885047,43731820,92.1,115.6,74.21,75,43.98,24.63,101.98464,106.81517,111.39854,121.87474,108.8354,114.20452,107.5801,11.25,90.32449,84.61362,352.33
"74","jan/08",200764,27872,10391,3429,73038131,126861767,191410858,753526550,92924567,37663552,99.3,111.7,74.61,75.41,46.23,26.06,102.0101,110.92922,112.07502,143.6354,104.64416,110.24493,110.50963,11.25,65.20518,60.12434,363.81
"75","fev/08",197647,26243,12288,3036,71433164,127198998,190347584,764206289,89929221,36399964,98,111.9,74.85,75.6,47.71,27.64,105.95633,107.59978,103.53144,139.02863,95.20297,102.60372,106.39159,11.25,60.74147,57.29865,407.17
"76","mar/08",222548,28799,13671,3267,70084180,130528517,189855068,788963285,89466285,39410528,97.4,112.2,76.19,77.02,45.83,26.85,115.73514,113.78414,113.22402,156.64019,103.05501,108.96024,114.25199,11.25,68.26851,63.89192,382.13
"77","abr/08",236206,29917,13516,3655,70955716,128793642,196947879,826121468,89875895,34808020,95.1,110.9,77.24,78.11,44.33,26.28,119.58675,113.99235,116.87132,162.25778,106.24276,105.84914,116.30005,11.75,65.03013,63.1855,404.69
"78","mai/08",229493,28517,12954,3578,72029267,137635346,194112129,856020986,90911590,42247152,92.3,109.5,80.52,81.52,44.7,26.94,115.33454,119.61467,119.99412,156.87352,111.32517,115.37074,119.69084,11.75,71.15679,67.97347,418.04
"79","jun/08",242191,31792,14691,3748,72744870,133836587,194442079,876146239,92567910,40225202,91.9,111.8,91.53,92.61,49.99,30.9,123.8559,119.92017,119.63341,159.73712,110.22067,114.08356,120.78314,12.25,66.25546,63.26399,458.96
"80","jul/08",251952,34057,15547,3828,73905889,132540857,196410277,923054554,94091397,35000794,92.4,110.8,92.79,93.89,50.58,31.79,129.41619,126.78022,124.60235,160.11639,116.24257,120.81948,126.83826,13,68.44356,63.42097,413.61
"81","ago/08",245913,33848,16233,3562,76082990,135993254,195784092,963070108,95835308,36235850,90.5,112,92.05,93,44.7,27.71,128.92016,122.58051,126.23496,167.27393,116.59774,120.65791,124.87581,13,70.36908,65.06929,389.65
"82","set/08",233650,33244,16268,3448,77450507,137271627,198878008,995630433,98211453,38724722,98.7,107.3,88.82,89.94,46.08,25.65,135.02457,119.88623,130.2268,166.11826,121.77258,115.80854,125.69863,13.75,68.35603,61.69416,344.17
"83","out/08",225246,33905,17690,3337,78939071,134295238,196803265,1024042490,99045163,33729043,132.4,97.9,90.79,92.15,44.63,20.5,140.5514,118.64529,134.37319,163.97116,127.3663,116.76316,126.99815,13.75,71.50689,64.83381,267.53
"84","nov/08",143636,26628,14687,2423,81964552,132521711,197187420,1039011464,102430156,29888604,128.2,84.5,88.39,89.57,45.13,19.87,123.87505,105.39738,119.19041,118.83242,119.11797,101.78122,112.77093,13.75,69.84394,64.12739,244.22
"85","dez/08",69236,15366,5821,891,92181718,129292053,199702403,1054632168,115590704,31959001,121.8,80.2,82.2,83.41,44.61,18.59,90.26096,88.38998,98.83554,74.24467,104.38322,89.823,92.37975,13.75,93.73792,83.75022,228.88
"86","jan/09",147345,23421,7224,2252,82862993,133531117,197715766,1067674542,103358929,34178946,120,80.8,84.01,85.35,49.21,21.3,89.6003,89.60344,95.55346,105.28222,93.18346,89.97001,91.80679,12.75,69.14375,60.28132,219.75
"87","fev/09",165302,21814,7163,2267,81203008,137179916,199923626,1080286915,103124591,33143315,123.6,81.8,81.54,82.54,47.56,20.58,82.65895,86.32083,94.1559,111.5764,90.01224,83.2235,89.0067,12.75,63.01709,55.65033,211.02
"88","mar/09",227657,26708,9375,2422,78847370,136539216,198293603,1085175541,99304427,35751938,125.6,81.8,77.54,78.51,45.35,19.62,93.36512,100.03117,111.16173,143.70332,103.50557,97.54306,103.58383,11.25,69.14375,63.1855,219.88
"89","abr/09",208010,25150,9374,2166,80753429,149220497,204577749,1093202352,101681988,43080564,117.1,86.1,80.03,80.93,47.95,21.75,86.85498,97.34271,106.18921,134.01776,99.62742,93.5956,99.70941,10.25,69.66889,65.06929,221.9
"90","mai/09",222104,28464,9356,2528,81500292,138113397,205796809,1102979436,102161375,31161545,111.8,89.7,79.47,80.32,50.39,24.45,91.82611,104.47862,113.69081,140.1095,107.44469,98.93018,106.8575,10.25,73.16984,67.73799,252.53
"91","jun/09",233751,30285,9394,3015,81542120,140518673,210120503,1118175879,103474382,35711453,109.1,92.7,80.85,81.68,49.89,25.47,94.95649,106.88336,111.92641,143.39017,104.51804,103.26649,107.73128,9.25,70.01898,65.22627,249.49
"92","jul/09",227192,32036,9507,2650,83668460,138922564,209038408,1120982131,105082619,30463224,109,95.4,81.39,82.28,47.83,24.76,99.56831,112.74311,119.79397,152.15361,112.16857,108.41943,114.24633,8.75,72.55717,66.32515,257
"93","ago/09",241640,31167,9344,2753,84541996,141355187,211737570,1122623890,107131584,29887377,106.8,99.4,77.92,78.98,48.2,26.11,100.00815,114.06111,124.1081,160.33516,115.58437,108.19334,116.64439,8.75,73.69498,65.61873,253.28
"94","set/09",219626,30003,11477,2661,85769234,146111785,214338087,1128155279,110167848,35530611,109,102.8,77.25,78.58,46.07,25.32,106.7055,112.4723,123.99729,156.53207,116.326,104.9037,116.61233,8.75,71.85698,63.26399,259.01
"95","out/09",252360,38121,12787,3023,88764034,148882957,217396545,1132675667,112123031,35330910,106,105.6,77.18,78.61,44.67,25.71,117.25518,117.03773,134.50453,173.82277,125.25375,107.52755,124.09869,8.75,77.63355,70.09273,270
"96","nov/09",229664,36549,13805,2494,92502123,158036902,220329090,1143316467,116484422,40383641,101.9,109.1,74.35,75.71,44.06,25.5,120.37486,111.30696,128.3989,163.7891,120.06276,102.94317,119.13781,8.75,75.79555,65.93269,277.02
"97","dez/09",193516,33099,12188,1791,105573929,146386632,225461536,1150686644,131861185,34211650,99.5,111.6,74.64,75.66,42.87,24.49,111.59731,105.80961,115.00617,135.67339,110.08595,107.07231,109.82622,8.75,102.40276,93.64012,283.01
"98","jan/10",186269,32683,11411,3032,96458008,150829367,229605366,1163981457,121122443,34527882,103.2,113.3,75.7,76.97,39.8,22.36,100.85119,106.55851,107.30917,140.98502,99.39619,109.10737,106.14632,8.75,76.32069,65.46174,265.25
"99","fev/10",188222,32194,13302,2896,95549619,155327530,231751130,1175062088,120541695,33792723,104.2,113.2,77.03,78.12,35.73,19.41,102.65056,101.59579,107.1822,141.44921,99.13293,100.53788,103.88948,8.75,70.71917,62.00813,274.45
"100","mar/10",256006,41378,16734,3893,94575451,158183606,237634526,1193100080,119108107,37602159,96.7,115.2,79.03,79.88,34.14,19.11,129.42121,117.38226,128.35996,182.69979,115.64975,112.37959,123.12642,8.75,79.99669,71.58407,273.06
"101","abr/10",216850,38877,15498,3648,95104206,159005395,240136146,1196599517,118866248,35761078,96.9,112.7,82.33,83.34,34.49,19.63,117.78302,113.71574,118.1051,162.11681,107.79226,110.09023,116.11801,9.5,76.05812,69.22933,277.46
"102","mai/10",238389,39496,15600,3889,95036580,164206570,242928975,1207753025,120033926,38653383,103.5,113,80.81,81.68,35.59,19.6,124.18815,119.86104,122.90152,166.13202,112.76277,114.42955,122.0084,9.5,80.69688,73.62484,254.6
"103","jun/10",224942,39086,16107,3862,95800804,161165097,243733334,1215944490,120771511,38856458,101.2,112.3,82.16,83.01,36.16,19.99,119.96295,119.277,119.14995,152.04139,111.40264,112.84326,119.89844,10.25,77.98364,70.56368,258.34
"104","jul/10",231938,37895,17479,3444,98736209,165729425,247790361,1230372649,123907497,38620844,96.4,111.2,84.15,84.98,38.58,21.8,122.5267,124.66061,124.65266,153.52703,117.82544,119.58261,124.91462,10.75,80.60936,74.56673,274.2
"105","ago/10",243000,43241,18300,3846,100075605,177986499,253535363,1249652847,127034627,46208023,98.1,111.7,88.99,89.77,41.32,23.48,128.36599,122.75059,130.34365,170.64017,120.87247,119.85259,126.45538,10.75,81.48459,73.9388,264.08
"106","set/10",219951,38522,16485,3483,103808803,176623619,255511370,1270065851,131585360,44416368,98.9,111.9,93.49,94.56,42.59,24.78,125.57206,118.39081,130.33916,160.93035,123.10825,119.11334,123.5968,10.75,80.43431,71.89803,286.78
"107","out/10",232071,41416,16082,3998,104813221,179052170,258664294,1290013221,131645973,45788757,97.7,112.6,100.62,101.64,44.88,26.64,125.80445,119.68562,134.83667,170.37143,126.45879,116.80873,126.14076,10.75,84.37288,76.60751,300.62
"108","nov/10",237519,44483,17395,2543,107519070,180367536,259394946,1316718803,134669566,43815952,101.5,112.6,113.01,114.33,48.96,28.57,133.20042,116.93916,133.81529,174.87542,124.16332,114.78005,125.07774,10.75,83.32259,74.40975,301.39
"109","dez/10",207767,39476,15540,1997,121706380,185535239,256721332,1350057992,151145368,55707954,94.8,111.8,104.9,106.02,48.52,28.63,118.59697,108.3047,117.47591,144.34168,111.12167,118.2225,112.22498,10.75,112.90561,104.00097,332.83
"110","jan/11",191191,31443,13782,2885,109180112,188294742,261213960,1375257989,138318334,55228893,96.4,111.1,103.07,104.37,49.63,29.61,108.26206,107.36561,110.55648,147.33298,101.92356,115.16291,108.26129,11.25,82.6224,71.2701,341.49
"111","fev/11",231395,43091,17723,3737,106944772,186696490,262152903,1400373015,135091967,50514963,96.8,111.5,104.3,106.12,49.28,29.54,122.81262,105.98439,115.90104,164.70099,104.48581,105.10588,111.60538,11.25,76.75831,67.58101,352.69
"112","mar/11",231412,44176,16836,3898,105471446,180914099,262125958,1428996412,133099291,46819491,97.1,109.8,105.46,106.92,46.32,27.92,131.6209,117.41248,125.23471,168.69385,115.04015,112.41294,122.25836,11.75,83.14754,73.15389,359.58
"113","abr/11",221633,41659,16343,3584,105758926,176930110,261001852,1447455443,133517139,39208300,97.1,109.8,104.23,105.75,44.37,27.98,117.42328,112.06265,114.69383,149.1766,106.58498,111.82093,113.76777,12,83.84773,76.45053,370.73
"114","mai/11",232564,47972,20283,4432,104751911,184997772,262350186,1470647094,133106831,45190827,94.1,109.7,100.41,101.92,44.94,27.86,133.264,122.167,126.26188,162.50933,117.73065,117.85912,125.29448,12,85.77326,77.5494,350.23
"115","jun/11",228666,43437,19754,4193,106135493,192547495,264637280,1487674009,133899009,56611853,96.7,109.2,97.22,98.65,45.13,28.42,128.95318,118.85287,117.85414,149.86301,110.31223,117.2808,120.0047,12.25,83.49764,76.45053,338.22
"116","jul/11",240457,44128,19914,4299,108442845,185205859,265421515,1510130325,136240134,45859064,96.3,108.6,99.34,100.52,45.77,29.28,128.60932,121.72306,124.85739,155.26158,117.67677,120.7751,123.82225,12.5,86.2984,78.17733,342.27
"117","ago/11",252342,46814,22647,4410,108222859,183664592,261350546,1531434571,137401118,41884314,111.6,106.6,101.15,102.34,46.5,29.15,142.0957,123.86369,133.5772,172.87672,124.33195,120.89795,129.70867,12.5,86.64849,77.94186,342.77
"118","set/11",196993,41319,18544,4274,112364900,189308861,263517392,1555211302,142007944,46496805,108.4,105.1,98.57,99.93,49.05,28.03,127.93782,118.67278,125.70748,146.78726,120.6781,117.43449,122.44567,12,84.54792,75.03768,298.33
"119","out/11",201438,45307,19770,4434,112413134,190462758,263812383,1573242679,144053802,44015331,105.2,104.6,99.77,100.76,46.21,26.12,127.94867,119.34396,129.73079,154.22223,123.90867,118.94184,124.19142,11.5,87.96135,78.41281,320.04
"120","nov/11",203719,45650,19410,4579,116232959,184574950,263389338,1589312491,146468661,36202254,107,104.7,106.17,107.02,45.35,25.34,130.65512,114.86642,129.08687,155.35854,122.85466,118.82906,121.60733,11.5,88.92411,78.56979,314.02
"121","dez/11",199083,38922,18596,4644,131375615,191302892,261637051,1609028826,162769670,51465641,105.7,104.5,101.75,102.22,45.23,24.6,122.00438,107.25293,115.05157,136.0742,110.04925,120.74981,110.9513,11,120.43265,111.37915,305.49
"122","jan/12",177408,28587,3535,1074,118163021,206913988,264541500,1626226642,149195222,62941019,102.8,103.7,98.77,99.35,46.8,26.18,89.89763,102.79662,106.97662,132.8281,100.87854,107.09504,102.88463,10.5,89.01163,78.64828,312.52
"123","fev/12",172863,31623,12209,2373,116524975,192676027,267286131,1640612984,147869699,43619070,96.9,104.2,97.06,98.1,47.06,27.41,110.76614,102.38075,106.52388,125.50025,102.04774,108.47377,104.20349,10.5,84.89802,75.11617,322.67
"124","mar/12",253426,41385,15528,2839,116998568,202686706,268304336,1654999959,145223965,56732161,95.4,104.8,94.16,95,52.23,29.11,126.94811,111.0327,122.44965,160.34157,113.51115,114.22976,116.42738,9.75,93.56287,85.63401,308.71
"125","abr/12",218069,34525,11128,2553,116360833,197186618,272345114,1666038134,148228803,44955131,97.8,103.6,95.51,96.46,57.57,31.01,109.75035,105.3828,111.51708,142.11037,104.30036,111.42544,107.67743,9,88.83659,81.55246,306.22
"126","mai/12",229235,41650,11689,3641,117391087,199380695,274164345,1679854582,147811284,43851769,101.6,103.4,93.13,94.27,61.11,30.79,120.11109,117.22788,122.05001,156.48017,113.92819,120.79578,119.20817,8.5,92.77515,83.82871,273.23
"127","jun/12",225172,40375,8818,3357,120691223,200984026,276516945,1694354009,151219217,47639246,106.3,102.3,92.72,93.62,65.22,31.8,109.00233,114.02551,115.6174,148.00403,107.97763,116.43788,114.2564,8.5,91.28725,83.75022,284.48
"128","jul/12",242272,43255,12460,3155,121307638,207184762,280032001,1709854963,154222044,49405506,105.6,102.4,91.05,91.94,76.32,37.61,116.54827,120.73214,124.16271,155.04329,116.8783,120.43343,121.93532,8,92.51258,80.76755,299.84
"129","ago/12",269847,47007,12896,3566,125020953,207714730,282995950,1718494613,155406459,48168838,98.8,103.1,90.48,90.86,82.01,40.44,124.67419,126.86272,136.66403,179.58394,126.53944,120.53806,131.14199,7.5,95.31334,84.92759,309.96
"130","set/12",234803,40681,11053,3156,128434260,202738129,284571398,1728072651,160602700,41597305,97.5,103.7,96.11,96.46,82.92,40.9,108.20735,118.72597,126.94948,155.95915,120.10647,112.99274,121.4739,7.5,91.81239,83.43625,309.7
"131","out/12",263518,43242,13111,4069,126915309,207695014,286726304,1743700287,160564565,44192395,96.3,103.4,95.71,96.19,74.41,36.66,122.57947,125.83362,140.76779,179.40988,131.65242,125.2329,130.9061,7.25,96.01353,88.61668,296.25
"132","nov/12",257475,40963,12070,4219,133496640,210335808,290991848,1750244560,164799194,44225417,93.4,104.3,97.5,98.32,74.6,36.04,112.82847,116.71782,135.24185,171.10523,126.78199,112.7973,123.34358,7.25,96.36363,87.5178,299.42
"133","dez/12",220778,36187,8906,2633,149638726,209593405,299728445,1754261331,187434736,45936716,94.8,104.1,96.3,96.84,73.25,35.22,100.08573,105.39831,112.50085,130.70225,108.20757,119.97843,105.91076,7.25,126.55931,113.34144,295.46
"134","jan/13",237700,38430,12622,3132,133237620,212119353,294763478,1748939883,167743523,48720384,95.6,103.3,97.54,98.24,64.62,31.84,111.21864,106.92199,115.51315,151.77011,106.96031,109.22538,110.22978,7.25,94.35058,81.94492,304.47
"135","fev/13",191832,33564,13664,3012,131237482,206343001,295382578,1757201154,164991143,40031450,91.5,103.3,98.09,98.62,59.93,30.36,116.49317,98.81773,105.19807,129.97181,99.35423,98.98255,103.07938,7.25,84.63545,76.05807,293.43
"136","mar/13",265001,43782,16533,3787,133353634,207687222,305096092,1788415939,165953654,41763832,92.6,103,98.16,98.97,57.83,29.13,128.07507,109.30777,117.86916,161.43462,107.59216,103.84508,115.11631,7.25,97.76401,90.73594,296.91
"137","abr/13",278924,51538,18034,3832,130626544,213432608,302823506,1802128247,163834777,45787051,91.5,102,99.93,100.76,55.76,27.84,135.25233,112.59382,125.41581,171.11972,114.63436,104.96753,120.38064,7.5,90.32449,83.59323,288.65
"138","mai/13",275799,48491,16378,3888,133657251,209103817,310628757,1820054902,166448371,34597960,90.7,103.3,97.91,98.75,58.71,28.78,129.40937,118.54591,127.14715,166.60107,117.84018,110.63187,123.80956,8,96.88877,87.75327,282.37
"139","jun/13",257861,45781,16136,4075,134955444,217155580,313785158,1849651554,166507946,48059561,94.6,103.2,99.01,99.54,65.29,30.03,126.23972,114.8557,122.64017,158.61476,114.154,112.4949,119.27438,8,92.77515,83.98569,276.14
"140","jul/13",254372,42043,16623,3702,135350614,214563185,312968599,1860995697,169009081,41462388,93.8,100.3,102.42,102.8,65.26,28.98,131.73947,122.78375,129.34052,160.34112,122.02782,116.55067,127.06378,8.5,98.1141,87.20383,284.49
"141","ago/13",267515,53521,19059,3467,138957075,213514191,316014628,1877557998,170808722,38799397,88.7,100.4,101.41,102.26,66.22,28.21,137.51851,125.9121,136.74319,175.60339,127.57635,118.01646,132.15233,9,101.17743,88.77366,291.73
"142","set/13",252575,49806,17151,3244,140713932,229701004,313556420,1887945908,175857887,53716956,92.2,101.3,106.94,107.59,70.81,31.25,134.28039,119.13849,132.80972,168.28628,124.4411,112.6722,126.59411,9,95.66344,84.92759,286.1
"143","out/13",253699,47008,18498,3472,140822497,214338193,314037561,1903272263,175365950,35769132,90.7,100.6,108.95,109.74,72.43,33.05,143.16861,123.6076,141.65226,180.18715,132.56219,120.45492,132.54824,9.5,101.17743,90.42198,278.42
"144","nov/13",234256,40866,14726,3307,147994979,216161920,318356234,1929380017,182559219,32987584,85.1,99.2,108.55,109.05,74.05,32.21,127.26833,117.36184,134.17259,167.23111,126.37443,116.10302,124.64661,10,103.19048,92.07029,275.45
"145","dez/13",185822,36071,7578,1636,163879089,225955398,319635609,1945257242,204052420,45457358,85.1,99,112.83,113.38,74.05,31.54,95.74063,102.69162,111.1824,127.17718,107.40969,115.75058,103.6141,10,131.46064,118.99281,280.77
"146","jan/14",191095,30088,13776,2431,149973789,219177305,322432249,1971036866,184028431,38918688,89.3,97.3,114.17,114.58,67.43,28.3,112.31219,103.92991,113.53969,145.06995,106.10194,111.50309,107.46019,10.5,100.38972,87.83176,283.93
"147","fev/14",223578,39125,15174,3750,151218362,226175869,325589184,1998279701,189754314,34916820,93.9,97.8,118.05,118.53,66.87,28.09,126.49823,99.90957,116.659,160.20712,106.38608,100.58812,108.42686,10.75,91.98744,82.57285,303.1
"148","mar/14",218999,36211,13844,3700,146575525,227539075,323656437,2013576222,181861508,46152539,96.4,98.3,124.65,125.17,68.78,29.56,119.63269,109.3412,118.75017,153.48333,110.55684,113.02179,113.41917,10.75,96.71372,88.06724,305.35
"149","abr/14",218831,42551,12314,3395,145412910,225789766,326474504,2034099944,182000614,40462377,94.3,96.2,124.44,125.35,67.89,30.4,116.6054,107.4871,118.15663,151.12967,110.37854,111.15067,111.99136,11,96.36363,88.22422,310.24
"150","mai/14",225128,40144,12695,3388,146283564,222551363,321721296,2048668370,180083527,34688328,88.3,92.2,121.88,122.41,67.81,30.52,117.96993,114.97445,124.71175,147.42378,119.35443,119.0604,118.46288,11,101.35248,92.77672,306.19
"151","jun/14",170647,34566,8190,2540,147571632,225413429,320518787,2066156631,184543364,38315231,93.3,91.4,121.7,122.59,67.54,30.21,100.19569,111.82259,109.76356,106.66225,110.49589,117.12345,109.78693,11,93.65039,84.37815,308.94
"152","jul/14",201533,37542,12322,2951,148429400,228441324,322177207,2072619924,184054315,39540373,90.5,91.8,119.36,119.9,63.72,28.64,119.31627,118.94768,126.87952,140.47838,123.67214,124.39125,121.36179,11,97.23886,88.53819,295.13
"153","ago/14",207872,41917,11988,2860,151792352,235751922,325282620,2088841747,187277025,44067874,96,90.3,123.24,123.66,63.45,27.97,117.23897,122.1961,128.54463,147.38028,124.10183,128.45124,123.3485,11,100.21467,90.26499,293.44
"154","set/14",236981,49385,11786,2779,155524579,237885376,328093728,2104222508,192199816,46209566,96.9,88,128.58,128.96,58.94,25.26,120.56923,117.76657,133.61426,160.05154,127.37815,124.82072,122.84953,11,96.18858,86.10496,279.21
"155","out/14",229861,48378,12394,2695,157290347,234367187,331286140,2122596407,192507591,38520735,97.3,87.3,134.02,134.3,59.58,24.32,125.83589,121.1007,139.47589,168.12175,132.71877,130.02775,126.9833,11.25,103.36553,92.22728,272.62
"156","nov/14",210907,40301,11778,1844,162762344,241723077,330696704,2136487958,199389685,42235880,97.2,86.3,143.1,144.21,63.01,24.69,113.58364,110.63753,127.0509,148.41734,122.01103,122.42012,115.51312,11.25,104.67838,93.09068,254.99
"157","dez/14",172327,30962,3704,604,178251606,240993209,329348931,2141997848,220853706,42674811,95,86.2,143.08,144.38,62.42,23.64,84.99815,101.13658,107.9316,115.43047,106.16318,128.17597,98.93218,11.75,131.81074,117.18751,230.52
"158","jan/15",165394,28729,8291,2302,162568095,235064749,332039928,2167501364,199352047,39172645,99,83.5,143.06,143.76,59.29,22.49,94.87917,101.7232,105.4885,125.45978,100.77764,124.45172,99.90927,12.25,100.91486,86.02646,219.38
"159","fev/15",165273,30434,7648,2598,161992735,240342593,329880530,2179101806,198076416,40739171,97.4,81.5,143.39,144.41,60.2,21.37,94.35333,95.99123,100.3483,118.41765,96.0861,113.7199,95.53022,12.25,88.92411,76.52902,224.64
"160","mar/15",205240,41080,7374,2786,161628667,239189295,330248889,2193743628,198876067,41780288,109.2,76,145.35,146.49,64.35,20.48,105.57445,107.43942,114.86666,144.69158,107.83123,124.76847,108.05198,12.75,96.97629,86.73289,212.39
"161","abr/15",177808,32890,6864,2061,160208092,238065172,325364154,2195975572,197269641,37750468,103.6,76.2,149.44,150.17,62.99,20.71,90.20506,103.98084,105.27014,126.16585,100.34119,124.04402,100.91781,13.25,93.21277,85.63401,230.07
"162","mai/15",178339,26220,6169,2319,159713114,246442122,324279253,2201937450,194541991,44971470,105.1,76,147.86,148.41,62.1,20.28,87.68937,109.6546,110.08034,123.94305,106.81061,128.08446,105.96215,13.25,96.80125,87.91026,223.75
"163","jun/15",158917,21608,5284,1799,158752497,235145580,322179283,2201911763,195609781,36348943,105.7,74.5,146.19,146.77,62.97,20.25,83.65291,110.67071,107.74849,106.09907,108.13828,127.16843,105.33477,13.75,91.1122,81.39548,227.75
"164","jul/15",191380,23271,6599,1895,160948154,230215678,320657714,2214394479,195652043,29410801,118.4,72.7,142.27,143.26,67.84,21.04,86.4271,112.74206,114.37535,121.49935,112.69541,128.9601,109.00724,14.25,93.47534,82.25888,203.1
"165","ago/15",186345,24170,5283,1193,158744305,236638106,316981895,2217126100,195156210,36560248,126.6,71.1,141.26,142.37,72.18,20.55,79.06784,116.43944,117.60479,126.56498,115.49168,133.23689,111.26838,14.25,93.3003,82.1019,202.63
"166","set/15",149977,19234,5819,1727,159475550,227732398,311288248,2219558792,196014794,32432662,136.8,68.5,143.67,144.91,76.62,19.62,83.1968,109.42604,117.74827,116.26877,118.09805,128.3123,107.5854,14.25,90.14944,78.4913,194.29
"167","out/15",169992,30074,6799,1232,165411401,243070201,317245722,2254649882,203232424,36388911,121,68.9,147.51,148.21,78.14,20.15,84.9279,112.63553,122.04693,120.61532,122.38543,129.21393,111.31081,14.25,97.50144,86.26194,196.14
"168","nov/15",143944,23535,5350,1045,168742696,242934118,317198955,2266204901,205317865,37528989,112.9,70.4,148.52,149.39,75.55,20,78.64873,98.98573,113.76069,105.90658,115.6143,110.34308,100.97156,14.25,96.53867,82.80832,183.05
"169","dez/15",123699,14976,2582,541,185280417,233946617,315492218,2285014773,225485184,29803738,117,69.8,146.88,147.94,77.07,19.93,58.15859,89.63778,98.08803,85.79644,100.98842,113.85183,86.95417,14.25,122.27065,108.31799,176.68
"170","jan/16",132206,15238,4158,1176,171047425,236024781,320218243,2306702072,207609265,32719483,113.6,70.7,149.54,149.8,78.46,19.36,61.58042,89.94148,93.19282,89.52256,94.05887,103.76011,86.99451,14.25,90.23697,78.88376,167.29
"171","fev/16",118574,18933,5317,1509,167812051,254135950,321949791,2325966937,205134265,47425627,115.5,70.2,154,154.7,73.32,18.46,71.41893,88.29273,92.04186,83.95098,93.95102,100.85846,86.77544,14.25,85.16059,75.27316,163.78
"172","mar/16",165544,27493,5661,1654,165467548,240397308,317232284,2309569466,203800952,38728977,123.3,70.7,155.8,156.23,69.95,18.93,81.98753,95.43252,105.26594,109.86134,104.18159,104.83632,96.59313,14.25,91.4623,82.57285,171.17
"173","abr/16",142067,22449,5197,1585,166404931,245141281,320719704,2315076911,202066369,40076216,128.3,70.6,157.39,157.85,73.42,20.68,76.68227,96.28352,102.60655,96.37729,104.07643,104.83943,95.70255,14.25,86.82354,78.72677,185.35
"174","mai/16",146224,25848,5332,1491,164768800,245691984,319625644,2323330539,202463099,37502520,120.7,72.5,154.38,154.84,82.29,23.26,79.3897,101.21217,104.3672,101.18447,105.11821,113.70503,98.84264,14.25,88.1364,79.66867,186.94
"175","jun/16",147480,31376,5570,1824,165291611,238206788,320079671,2322620222,201406919,33271195,119.7,74.9,156.67,157.55,90.54,26.49,82.8291,102.79703,105.42062,98.48927,107.05618,111.44074,100.97518,14.25,86.73602,78.72677,193.43
"176","jul/16",152295,32758,5091,1635,166709749,246556500,320162632,2337092455,202192048,38653286,117.7,77.5,155.59,157.69,82.84,25.28,77.22785,107.42042,105.45621,101.893,106.297,117.07733,102.83264,14.25,88.22392,79.59018,181.87
"177","ago/16",149414,25108,5211,1464,165551959,241192110,320325391,2348225676,202032992,33735703,112,79.3,150.65,152.6,77.57,24.19,83.77144,108.87032,113.72414,112.79658,113.94301,117.89722,107.16804,14.25,88.1364,78.02035,181.11
"178","set/16",141286,23829,4846,2144,171980674,246501596,325085085,2338343473,209290951,37745003,110.7,80.5,150.08,150.6,76.14,23.4,79.85231,105.39957,112.7487,107.48725,113.99022,116.34943,104.30087,14.25,84.98554,75.58712,187.3
"179","out/16",151948,19333,4635,1654,168861921,251353120,327827018,2361290891,209213988,38631559,114,80.4,151.33,152.01,73.93,23.23,77.92981,104.5691,113.24065,110.80938,113.81435,117.97489,103.44821,14,89.6243,80.61056,187.31
"180","nov/16",185640,26486,5362,1596,173840340,245398639,326823779,2377321746,210046637,34873346,116.2,80.7,149.89,150.57,74.9,22.43,81.11319,98.06883,110.7677,113.597,110.10009,115.22493,98.94276,14,92.86268,79.98263,190.43
"181","dez/16",166216,29852,4102,973,191973469,250369457,330032565,2397344869,232145593,38141553,123.2,79.5,149.32,150.44,74.71,22.28,67.9712,89.01447,96.39975,90.73615,97.73616,122.0064,85.95758,13.75,116.31904,101.48925,193.73
"182","jan/17",154586,19239,4482,1069,174445554,256328274,326689028,2409081125,212760315,49631889,113.9,82,148.39,148.97,71.57,22.41,65.50241,91.02988,95.99505,93.61994,96.55549,118.05963,87.31177,13,89.14016,80.72297,193.34
"183","fev/17",171045,24046,5314,1358,176310064,267888262,335394527,2423633209,217874918,48450078,108.3,82.8,144.99,145.49,68.78,22.17,74.0506,86.66129,94.58334,100.9862,93.07249,108.03582,85.93189,12.25,82.01325,72.91875,192
"184","mar/17",201134,27796,5952,1686,172723627,240603718,329938370,2426220334,208947637,34662713,111.9,84.9,143.33,144.28,64.92,20.77,85.75481,96.76336,108.09759,119.86848,105.32007,114.91462,97.61018,12.25,88.51857,84.58932,187.34
"185","abr/17",159822,24340,5900,1492,172972070,266620955,330912586,2444140687,214125862,49528672,109.2,86,136.8,137.34,61.16,19.48,72.41124,93.38261,94.60496,96.90769,94.06159,111.80093,89.97133,11.25,88.30573,83.39361,183.27
"186","mai/17",210787,32903,7576,2132,171805084,242780221,332506777,2469255295,210464623,27186891,116.6,86.8,136.07,137.14,64.06,19.97,85.68384,104.70034,110.14767,121.95272,107.36209,119.92573,103.14246,11.25,90.42847,84.26392,181.45
"187","jun/17",176868,28937,6797,2236,176529399,264077297,337044137,2489245232,213569522,46669449,124,86.1,128.66,130.13,63.59,19.29,83.41128,104.1256,105.30389,103.96966,105.61873,118.8175,101.07697,10.25,89.23752,83.7978,176.55
"188","jul/17",189340,27122,7093,2276,176190151,261821123,338970292,2494756587,215271559,40588699,119.8,86.3,124.5,126.03,66.23,20.7,83.10443,108.57831,110.80792,110.7145,110.82996,120.95548,105.62847,9.25,90.94292,82.44864,184.67
"189","ago/17",225601,30208,8488,2192,175511748,257972704,336016507,2505475079,213951154,38209157,112.1,86.4,133.71,135.87,63.86,20.27,91.57535,110.92992,121.17701,133.74185,118.21215,120.69142,111.62361,9.25,91.27847,85.42616,183.02
"190","set/17",204847,25630,7599,1687,178674701,263116661,335226160,2507598688,218720929,44049382,107.1,88.9,143.47,144.57,65,20.73,84.97242,107.51379,115.65466,124.73584,113.51182,118.5837,107.05565,8.25,90.28732,85.07708,185.44
"191","out/17",213674,30463,8241,1528,177180596,257927804,338653639,2519369931,219653157,34800183,103.8,91.3,140.78,142.04,66.48,20.81,89.84512,108.1906,121.37437,130.58816,119.20024,120.79089,109.62645,7.5,91.94171,88.42934,190.14
"192","nov/17",213538,30704,8166,1665,183392581,265134965,344059762,2536210353,223157435,41062370,103.1,91.8,141,142.08,69.03,21.18,87.6753,102.36335,116.46521,130.82218,113.07747,116.40688,104.21145,7.5,98.43241,91.63897,191.98
"193","dez/17",186655,24284,7436,1322,203909637,278086621,348757631,2529517731,250363681,46391775,106.1,93,145.23,146.11,70.03,21.25,74.89535,93.22128,100.71464,109.90988,98.54489,117.78314,91.43774,7,120.9274,116.32972,196.95
"194","jan/18",182025,28540,6707,1945,186287413,263580421,351816890,2566801149,228438630,43957480,105.4,93.2,146.53,147.79,67.42,21.01,77.07871,94.99625,101.26662,112.31787,98.65891,117.81546,93.07468,7,91.95579,86.50266,200.78
"195","fev/18",176807,26803,7780,2108,184131049,266511501,353497755,2588377616,225267440,39249594,104.3,94.8,145.09,146.05,69.43,21.41,79.40817,87.69525,96.82476,116.42599,92.19956,102.01153,88.53009,6.75,83.25285,80.26543,197.53
"196","mar/18",218015,36744,9947,2833,185031942,271607725,360497481,2629995739,224299131,50757048,111.3,95.7,144.8,145.75,73.64,22.47,93.37499,96.21771,109.8947,138.55022,103.13301,111.83411,99.06503,6.5,95.63502,94.94954,199.25
"197","abr/18",217393,36761,9095,3300,183399668,266098133,363374429,2632896966,223343738,39999121,116.4,94.6,143.16,144.57,79.6,23.36,89.2836,97.9147,108.64554,131.80062,103.18175,110.45269,99.55356,6.5,88.94832,85.23882,206.32
"198","mai/18",179583,23498,7423,1825,184227154,274825626,364435992,2642745295,224373209,45179697,119.7,93.9,140.59,141.65,80.32,22.09,80.20115,99.49056,99.4372,108.40149,97.32194,120.61424,95.54747,6.5,92.90176,89.62471,207.53
"199","jun/18",208851,35881,8635,2944,187373801,272885486,360445672,2671185088,225768541,44059222,127.7,92.5,138.53,139.09,78.44,20.74,90.77268,105.87107,109.88213,119.24202,107.67353,118.77428,104.50072,6.5,90.65535,89.03148,205.33
"200","jul/18",201002,33220,8855,2858,186413087,282119806,360521863,2683041259,227029344,48309206,115.7,92.5,141.72,142.46,81.97,21.43,89.20811,112.26892,115.68617,129.68612,112.38267,122.27989,110.27193,6.5,90.06749,84.00152,199.68
"201","ago/18",243241,35173,9697,2988,191594630,283554934,370462316,2710242034,230592551,47084735,114.2,93,144.81,146.22,83.64,21.29,100.28034,111.79237,123.09089,147.1942,117.40335,120.76449,113.66492,6.5,94.99743,91.727,198.41
"202","set/18",187288,24428,9115,2250,195138475,280628873,369572221,2740650941,235679069,43727837,121.5,91.5,149.68,150.81,88.84,21.64,88.53023,104.18011,112.9331,119.53597,111.37505,116.90938,104.32205,6.5,90.44022,87.74014,201.01
"203","out/18",221319,28699,10858,2310,192513618,291006726,368812405,2755870868,235090180,51885317,110.3,92.4,148.56,149.04,84.18,22.38,99.08346,107.24328,123.23545,139.93295,119.29543,123.58628,110.10278,6.5,93.73739,92.45328,197.1
"204","nov/18",204570,28089,10043,2069,199870050,280320504,370861503,2763613099,238857805,40401025,111.7,95.7,146.26,147.01,78.33,20.69,89.92733,100.51823,115.15633,127.72325,112.19098,118.20499,102.52164,6.5,102.87858,96.47716,187.94
"205","dez/18",147873,21145,7379,1106,218156668,284171263,374024993,2801252430,264967669,37081792,113,96.4,150.21,151.15,75.6,19.47,71.32633,90.38818,96.32073,95.358,96.5479,123.7175,86.68646,6.5,121.74368,118.64395,175.96
"206","jan/19",166195,24220,6811,1919,199849865,268030128,380327190,2819880010,241502408,37603195,111.5,98,152.23,153.42,72.02,19.27,71.38601,94.25916,98.9041,107.41155,96.89664,119.76432,90.76961,6.5,93.68782,90.83868,186.54
"207","fev/19",217812,27970,9631,2526,198300738,292334721,382932140,2833864311,241233707,48914107,111.3,97.2,150.38,150.63,72.78,19.56,84.8081,87.61203,102.30914,131.38345,95.44862,92.44812,92.11431,6.5,86.56867,84.38297,190.12
"208","mar/19",203108,27665,8319,1671,197339506,282732214,382935192,2850087074,236674943,50066625,109.2,95.2,152.91,153.28,73.02,19,82.50454,92.1716,101.61885,117.15393,97.95312,96.85168,94.08602,6.5,91.38843,91.90137,191.54
"209","abr/19",225330,30021,9412,2798,194784239,282562306,380188397,2859971481,235680830,43923832,117.3,94.8,157.29,158.04,71.78,18.43,89.25705,92.36647,108.25436,133.10077,102.39148,85.31562,98.61882,6.5,90.53404,90.1398,192.47
"210","mai/19",230351,31391,11230,2775,195382098,283650105,378062241,2863017847,233750937,44125010,119.5,93.2,152.75,152.82,72.91,18.25,96.97939,102.71309,114.91538,138.98223,109.23645,100.46342,106.74015,6.5,93.82238,92.24429,183.56
"211","jun/19",190859,29923,9993,2375,196040586,277825600,375648981,2860827989,235378622,40661336,119.1,93.6,149.95,149.98,76.26,19.75,86.20697,99.41173,104.4333,112.40412,102.55246,101.43085,99.8062,6.5,90.76676,89.04156,189.83
"212","jul/19",221869,31565,10918,2640,195600058,279083698,375981429,2872800612,236223218,35121470,108.4,94.7,153.12,153.42,73.78,19.52,94.59409,106.397,117.45697,131.61247,114.11676,111.59502,108.54167,6.5,93.90554,91.17705,187.56
"213","ago/19",222648,33712,10732,2666,197966794,288158643,378313107,2893473627,237058538,45558763,114.2,94.3,154.41,154.64,78.74,19.57,95.99375,109.64749,121.40468,139.56317,117.11991,118.48111,111.30864,6,96.31029,88.70058,179.27
"214","set/19",203198,31438,10406,2413,201707888,283401556,384651071,2928263283,243901597,37234965,116.9,94.6,158.31,157.69,80.44,19.51,89.56284,104.27789,116.79071,129.95283,113.68491,113.71781,106.08891,5.5,92.44497,84.42864,183.35
"215","out/19",239005,35578,11286,2650,201432938,296691948,388029437,2957287086,245421698,46925797,111.1,95,163.26,162.94,82.63,20.24,96.82656,107.45274,128.81244,150.03395,123.80491,114.55644,112.87529,5,97.72331,90.56105,186.73
"216","nov/19",186426,30219,8764,2046,211615347,297901404,400732533,2999155775,254589175,42193718,105.1,96.9,201.16,201.79,84.28,20.27,86.95036,97.68835,116.48996,129.28125,113.47167,107.10784,101.92664,5,106.07645,97.44922,186.71
"217","dez/19",141689,21649,5974,1192,228309144,299178021,409839379,3047702613,280685185,35901522,112.4,98.3,211.97,214.37,83.31,20.27,66.78781,88.4553,97.49747,96.95044,97.62655,108.75439,87.23675,4.5,124.92782,122.17074,196.64
"218","jan/20",162376,20760,7169,1426,212568631,305594460,415357851,3081045357,257444800,60514596,112.9,98.7,193.05,193.8,82.6,19.91,74.34977,92.84264,98.94026,109.95999,96.33999,101.69646,92.18551,4.5,95.01804,91.02581,180.49
"219","fev/20",173417,19102,9131,2556,210226771,305548137,421846397,3103658510,259344600,43852886,115.1,99,197.05,197.7,81.45,18.74,80.59755,90.07695,98.26308,117.49515,93.72499,92.83281,91.78329,4.25,90.61413,87.11092,169.18
"220","mar/20",156498,23062,8406,1992,214205638,303115846,443007497,3243057108,259536017,48024229,167.1,89.8,200.36,201.04,88.23,18.04,78.26291,90.77018,93.61032,105.44618,90.81747,96.45762,90.0405,3.75,90.34239,86.19939,129.29
"221","abr/20",946,102,403,396,237659783,339973188,479040584,3415613074,291214979,45469315,210.5,53.6,199.57,200.19,95.19,17.87,42.50091,76.07849,65.2075,19.99565,75.87591,93.62773,67.29175,3.75,75.01668,74.18561,124.43
"222","mai/20",29603,8204,4054,1219,256972280,374077938,509596338,3544113868,315117776,52945093,190.3,60,201.21,201.71,103.34,18.33,59.49143,87.75371,79.28065,42.09056,88.05621,94.63612,81.4573,3,86.8962,88.41166,140.42
"223","jun/20",71262,20225,5575,1385,270241798,381912480,530804241,3611206354,335059751,46620246,173.6,74.8,209.87,210.33,103.43,19.89,66.94934,94.01373,92.74374,73.28734,97.33476,100.22759,90.21584,2.25,91.20908,87.72082,146.52
"224","jul/20",136025,26205,6820,1601,279811158,432640505,550524489,3692187006,345720204,77954499,163.7,82.4,221.36,221.79,109.45,20.74,79.68513,108.48225,108.86042,109.89699,108.61583,113.13214,105.13738,2.25,99.06405,89.63452,152.62
"225","ago/20",169052,32520,7087,1350,286098526,407580054,563521010,3734472210,351356872,51350566,160.3,89.6,228.48,228.84,122.52,22.44,82.1016,111.8886,112.72446,125.62096,109.68134,116.38574,108.53601,2,102.25301,89.44253,162.74
"226","set/20",172321,36452,9430,1959,287734762,411531890,581873648,3792439839,354308092,54428898,145.8,94.4,248.5,248.89,136.72,25.3,90.23319,110.40567,119.1503,132.68527,115.95653,108.98349,111.40305,2,99.17828,88.24031,157.76
"227","out/20",186400,37359,10902,1807,292631994,432525220,598406275,3883278584,356836332,70984074,143.8,97,264.65,265.07,158.41,28.14,98.94022,110.94334,123.14994,137.93719,119.66066,107.54725,114.1724,2,105.8898,96.49067,153.76
"228","nov/20",186260,38761,11474,1705,297459982,418698464,599781487,3922663633,359042563,58636983,145.8,97.3,285.33,285.77,164.55,30.35,97.93171,101.13443,115.6491,132.55286,111.6604,97.39743,106.11261,2,109.85013,95.23301,170.05
"229","dez/20",163015,34787,10485,1009,308889418,414817015,592580494,3925632917,370441036,61095617,142.3,98.1,266.13,266.58,145.12,28.23,90.58072,95.75165,101.60323,110.57215,99.48688,104.56721,96.16315,2,126.51201,114.80421,178.29
"230","jan/21",157706,32450,8805,1437,292285678,421014571,605095726,3951666668,363537625,70052874,137.4,96.2,289.01,289.46,163.9,30.59,87.06634,95.68843,97.3254,105.77222,95.33225,102.00902,94.62264,2,94.63845,83.91204,185.11
"231","fev/21",155069,28572,11805,1589,285085392,413571286,601053989,3955118170,350885762,60525239,128.2,95.4,301.73,302.17,161.56,29.8,92.78964,90.51519,95.0948,107.77941,92.10168,86.65218,92.84865,2,87.09135,76.67212,202.37
"232","mar/21",154138,31580,12472,2150,280168637,401285267,606275346,3971630896,343090507,62539776,136.5,88.3,309.34,309.94,164.51,29.16,102.06769,99.95969,100.23335,118.06256,96.02629,96.49411,100.80049,2.75,92.35696,84.13553,196.56
"233","abr/21",147859,28083,13093,1872,279333836,423775520,606956589,3973464233,339898271,80249749,129.4,90.5,316.06,316.78,170.8,30.7,94.57685,95.44767,93.05118,106.49277,89.87943,97.07546,94.42521,2.75,92.81474,92.63321,212.29
"234","mai/21",141798,35483,13908,1654,278817574,409599834,609960445,3974287108,337274879,66253117,119.9,94.1,310.47,311.3,171.36,32.38,101.96278,103.81043,101.66414,105.5772,100.7408,105.64588,102.6202,3.5,100.74772,101.33612,218.6
"235","jun/21",119461,31825,14639,1622,282029985,420772105,631563068,4025572341,340095553,82116571,122.3,97.1,317.28,318.28,157.16,31.27,102.25444,104.29461,98.854,96.50658,99.40791,104.30881,102.17523,4.25,96.99321,93.49491,226.78
"236","jul/21",116113,31709,14801,1533,284730060,437027382,646806655,4082777494,343812587,84145623,119.3,99.9,318.63,319.76,162.65,31.51,108.47845,108.63351,105.25133,99.31883,106.65119,109.9911,107.22375,4.25,104.75813,99.07211,231.77
"237","ago/21",120394,28463,14963,1510,279483687,410836375,632755228,4121857879,341302698,65026496,119.6,99.8,315.13,316.46,168.09,32.02,107.61592,109.71685,107.55915,103.08794,108.6142,114.72825,108.06605,5.25,98.09983,88.44257,231.88
"238","set/21",133857,25216,13816,1198,276577198,407154629,626960475,4148251269,336844324,66832011,131.4,96.6,302.05,303.44,169.57,32.04,103.46613,106.47169,108.07329,101.97865,109.51141,112.51948,105.86333,6.25,94.04461,86.89023,243.32
"239","out/21",135233,28695,13733,1304,275959703,400602478,625623676,4164691155,331653831,64555051,127.1,98.6,269.56,270.92,168.22,30.39,106.81263,103.49158,106.18124,99.68782,107.71345,102.42024,104.83996,7.75,98.65443,96.85287,252.65
"240","nov/21",159310,30447,14380,1583,273889482,414432753,615941844,4183373247,330208515,83063149,125.2,98,297.66,299.57,162.38,29.21,102.12547,98.24596,104.77512,105.08631,104.70169,101.88696,100.39026,7.75,105.23216,97.49216,232.99
"241","dez/21",166913,30188,12395,1429,285944955,393384284,607252087,4245566518,339013043,70170476,118.7,97.6,320.9,323.33,166.74,29.47,94.01758,91.89695,92.01189,92.21331,91.96436,106.40551,90.51574,9.25,122.78603,119.15902,247.02
"242","jan/22",112323,22306,9463,1325,271952413,405879448,614114471,4282565232,328559890,89416306,116.4,94.7,338.46,340.93,176.31,31.92,82.86437,93.60581,84.36991,79.06587,85.21055,95.86896,89.14802,9.25,93.22962,88.2729,271.23
"243","fev/22",130221,22369,11389,1956,271609463,404214592,617326272,4343724557,326643507,75528501,117.1,94.5,340.29,342.98,191.63,36.93,96.192,90.8044,86.21445,89.99262,85.61565,87.37175,90.17731,10.75,88.20452,83.3388,286.14
"244","mar/22",139632,29202,13531,2421,267160888,381978544,617810780,4403402445,320815982,65081361,121.3,94.4,344.71,348.03,195.85,39.44,106.5401,100.03393,93.3254,101.18769,92.07931,97.3028,98.55714,11.75,96.92398,99.1707,314.03
"245","abr/22",144517,29823,10072,1625,268524090,400365724,618003951,4471554286,320540783,75969711,114.9,96,335.06,338.15,182.2,38.33,94.82392,96.70261,90.59432,91.55548,90.44198,95.78282,94.4352,11.75,96.98576,101.77481,328.15
"246","mai/22",159555,29401,13947,3013,270974095,403934854,610527978,4549049525,326467034,71723710,116.9,97.2,323.1,326.41,188.96,38.21,108.36024,101.46452,103.8679,102.15729,104.13901,95.17081,103.94214,12.75,100.59259,104.9708,337.24
"247","jun/22",158384,28853,13370,2991,272471208,404447600,605644561,4597695650,330152377,77016523,120.6,97.6,317.96,321.34,189.82,37.59,101.93518,101.28663,102.71969,98.51787,103.38563,98.39108,102.37802,13.25,96.86423,100.12991,310.57
"248","jul/22",160169,42927,12724,3130,269982482,398151525,603003424,4655748460,325093480,64504530,120.8,96.9,324.41,327.75,184.63,34.41,101.87361,106.84821,109.03931,98.5491,110.7019,105.73596,107.39005,13.25,99.1827,99.6409,312.08
"249","ago/22",181017,36157,17223,3564,266726045,399359184,600608590,4740002757,322520909,72833686,116.6,97.9,313.39,317.05,181.86,35.34,112.41287,108.99084,114.06376,116.0182,113.754,106.8068,111.39185,13.75,99.6294,98.10145,311.06
"250","set/22",156727,32280,14956,3799,270827747,397029806,604117606,4813628317,320032359,73408356,111.7,97.9,303.35,306.75,181.72,34.74,102.08302,104.15183,109.21195,112.11016,108.75261,105.16354,105.63701,13.75,97.0433,95.53666,288.12
"251","out/22",164674,22662,15582,3126,271001146,402941156,601702739,4861502983,324627988,73955300,112,95.9,296.74,299.91,179.71,34.24,101.81743,104.99256,108.70202,110.65322,108.39278,112.64665,104.70595,13.75,101.35957,102.35946,295.31
"252","nov/22",168136,29570,15121,2969,275121329,392956428,600778776,4940312475,327519021,64013617,112.1,92.4,283.35,286.52,182.44,34.55,102.06666,99.39736,105.27694,111.9086,104.22589,98.15732,101.9312,13.75,106.66694,103.1884,302.42
"253","dez/22",149478,25617,14614,1858,293148361,404632139,600020062,5019052793,342334138,77325780,112.7,92.9,292.1,295.38,177.28,33.75,89.03058,91.72131,92.61436,88.2839,93.30069,101.60158,90.30612,13.75,123.31739,123.51522,301.33
"254","jan/23",125060,22775,4049,782,283056331,402654124,608169209,5117756737,339228882,74260899,113.3,91.9,285.97,289.18,170.87,32.89,77.73274,91.8952,89.60369,89.92312,89.55306,97.83428,89.12758,13.75,95.76611,95.79823,302.92
"255","fev/23",123694,28426,8123,1275,280329747,405254030,610499046,5169461815,337989227,65580519,111.7,93.2,289.72,292.67,165.56,31.97,84.47484,87.81159,87.01449,91.84194,86.24938,91.49249,86.73356,13.75,89.27505,89.59743,295.01
"256","mar/23",167662,39890,12325,1958,276863077,409970004,616368528,5264597206,330756428,82557959,116.7,94.1,281.8,285.1,155.19,29.82,105.22096,98.89741,99.08825,112.62739,96.94244,100.71567,99.15832,13.75,100.27768,101.58185,293.9
"257","abr/23",137549,32421,7255,1628,274869426,414760489,607158010,5301536763,327549608,82800574,112.6,92,285.81,288.71,139.11,27.73,80.08849,93.81427,90.85824,91.88531,90.69546,97.63701,91.08177,13.75,97.53955,99.51457,295.51
"258","mai/23",175051,42524,8392,1947,273946000,401390096,597984515,5355666483,326164235,70184444,111.8,91.3,263.83,266.93,131.16,26.33,96.43526,104.53855,106.88553,113.65821,105.81213,106.76081,104.39318,13.75,99.57233,99.86739,281.07
"259","jun/23",142727,37477,7029,1949,282076680,399472662,593168971,5407809714,333116241,70002635,107.6,93.1,248.8,251.59,128.43,26.51,90.57923,102.93006,102.06424,94.69921,103.23152,109.35945,100.61386,13.75,98.26606,98.42739,291.36
"260","jul/23",141859,32505,6749,1903,283868470,402271444,594823862,5458987705,337238808,57635420,103.5,92.3,250.81,253.49,137.38,28.62,86.62691,106.55038,107.15875,95.01168,109.08393,113.37046,104.17277,13.75,101.67025,101.43506,315.23
"261","ago/23",173693,41590,9623,2048,278671987,403276690,594918654,5531605963,333057891,66724483,108.5,92,220.36,222.86,139.84,28.52,98.12099,109.06809,118.10941,119.74823,117.84967,110.33621,111.42609,13.25,102.12442,103.08989,316.38
"262","set/23",159503,39301,8220,1865,277683197,408545591,591195526,5587128617,328770550,75696298,106.8,91.5,212.52,214.68,139.16,28.14,88.82251,105.4771,111.45655,109.09965,111.83009,115.03066,104.79031,12.75,100.19779,99.01353,320.71
"263","out/23",149725,37457,10478,2098,276760302,401292307,594638745,5686970156,327483643,69943437,110.9,91.2,237.84,240.32,136.91,27.03,90.88357,106.05792,112.11407,107.47933,112.84863,112.48542,106.08131,12.75,101.51743,104.42218,318.42
"264","nov/23",155517,35241,10030,1887,278926524,407446320,601015453,5740579476,329771878,75778262,110.4,92.8,234.87,237.24,138.17,28.21,86.78671,102.26653,107.22406,102.36409,107.99431,112.6565,101.14467,12.25,109.42248,108.07409,311.29
"265","dez/23",130039,32019,8262,1258,291881248,408343930,597755488,5798389781,341616828,81101800,107,93.3,248.63,250.97,139.12,28.39,73.7918,95.2427,91.63769,87.34041,92.31876,119.61433,88.15062,11.75,124.93408,126.51038,301.4
"266","jan/24",117025,26002,7941,1596,280942213,395311599,610884415,5922143886,334650277,70097927,109.1,95.3,249.65,252.17,121.18,24.66,79.10366,96.08332,92.25191,90.95759,92.45704,104.9228,91.84751,11.75,99.59489,100.0695,312.72
"267","fev/24",140688,36566,10162,2268,279635356,415997138,613358431,5960822870,331573415,83127248,104.5,94.7,237.84,239.94,111.93,22.56,89.85518,92.98975,91.86192,100.58005,90.48019,96.4576,91.66259,11.25,95.83814,96.47721,317.12
"268","mar/24",143419,38482,11224,2626,280122167,414796942,618341752,6006137037,329688064,88107823,103.8,96,232.81,234.84,117.28,23.55,94.09283,97.55585,95.07861,105.5197,93.42381,102.48033,95.48073,10.75,105.27825,110.02984,336.03
"269","abr/24",167402,40249,11656,2808,282362244,411015726,625708978,6075500653,332847987,73412065,106.5,96.1,230.51,232.56,122.66,23.93,99.85726,98.26338,102.70171,115.82678,100.62153,96.1627,100.3298,10.75,98.91164,101.44213,339.03
"270","mai/24",127047,25782,11172,2731,291720962,440891577,646707178,6127885266,341239021,95350976,112.9,95.8,226.92,228.99,130.96,25.49,100.19073,102.4126,106.61122,101.6909,107.39104,106.68699,102.96503,10.5,106.56448,108.95609,339.05
"271","jun/24",158981,37179,12236,2639,289922741,433165355,641062774,6210868798,347331283,89571164,110.6,96.3,220.7,222.44,133.98,24.84,99.21515,104.33944,108.40371,106.16956,108.7578,110.60854,104.26926,10.5,101.571,108.89544,340.81
"272","jul/24",180671,51945,11909,2196,296542441,439307024,642209772,6273198061,347820490,85018295,110.3,97.2,229.27,231.35,133.5,24.07,101.8761,110.76824,116.50076,123.90233,115.32769,112.94605,111.81701,10.5,105.56995,110.98104,327.9
"273","ago/24",193467,50889,13101,2156,296780576,437560395,646345006,6314898713,345982105,88626825,107.8,96.9,235.07,237.11,129.24,23.27,103.31711,111.84034,120.10435,132.50698,118.13866,116.5455,113.36588,10.5,106.82036,110.57564,328
"274","set/24",169107,45495,13210,2177,299765146,433904594,645017268,6328884466,347034466,82824079,107.8,95.3,255.45,257.58,136.65,24.67,101.04091,107.9574,115.43629,120.27049,114.67011,111.10247,109.51585,10.75,101.77042,104.40371,338.78
"275","out/24",183253,48655,14792,2414,296162396,441406377,636173314,6402198505,348106151,89637728,104.8,95.9,301.13,303.93,139.71,24.84,105.91167,111.76786,118.85982,129.58357,117.16022,110.0409,114.03121,10.75,107.58736,115.46266,334.04
"276","nov/24",174885,45647,13170,2444,297585270,439213554,649263087,6493617068,347165091,89737871,110.4,95.6,338.76,341.72,140.47,24.2,98.05712,103.91853,107.34629,122.0102,105.02221,107.67992,103.97243,11.25,114.34025,120.26052,343.72
"277","dez/24",139075,38683,10679,1694,307989416,437471889,658401592,6585709968,355858101,95355488,115.4,95.7,320.33,323.42,138.38,22.71,82.9371,96.75762,90.9784,96.34417,90.12799,111.68009,90.97187,12.25,126.59699,133.47091,356.81
"278","jan/25",134940,30754,8041,1806,302888147,431634211,634765606,6609644205,351657035,88221561,116.9,94.5,324.95,328.38,129.56,21.54,84.3939,96.27345,94.52749,105.65392,92.76406,99.10069,94.31545,13.25,102.69337,109.09238,368.05
"279","fev/25",160522,42384,11970,2485,303354497,442225511,633135750,6728340296,350712521,90210222,110.8,94.6,319.21,322.35,126.01,21.86,97.31076,92.78893,94.32966,117.09153,90.72214,93.12333,93.68396,13.25,97.35505,103.14939,365.48
"280","mar/25",139165,36242,11720,2881,299519297,441337725,616681214,6736468033,348985969,94291423,110.9,94.3,312.47,315.78,127.95,22.28,93.06233,101.43567,98.03415,108.25143,96.41482,108.47903,98.34751,14.25,104.41862,109.13442,375.89
"281","abr/25",168996,45350,11020,2874,299835035,442211182,633659326,6804993811,349780603,85283800,115.5,94,323.96,327.71,129.83,22.48,96.09898,100.21678,97.62389,117.96977,94.39928,105.74805,98.08928,14.25,104.10984,111.57587,352.18
"282","mai/25",154956,44546,12327,2920,305188473,452598291,643993373,6875537184,353232343,98850930,112.8,94.2,308.15,311.81,128.14,22.6,101.64246,107.83687,106.16107,117.05856,104.43393,116.09278,105.34682,14.75,108.38589,112.78405,355.47
"283","jun/25",144302,42393,11293,2776,NA,NA,NA,NA,358805635,92204528,105.2,92.5,313.51,317.13,129.06,23.28,98.01603,106.14991,100.16244,106.34602,99.18241,114.77283,102.00556,15,101.88234,106.5086,365.18
"284","jul/25",NA,NA,NA,NA,NA,NA,NA,NA,NA,NA,NA,NA,302.2,306.06,129.96,23.57,NA,NA,NA,NA,NA,NA,NA,15,NA,NA,NA
