date;pib_rs;frgabt_rs_ibge;frgkg_rs_ibge;boiabt_rs_ibge;boikg_rs_ibge;vacabt_rs_ibge;vackg_rs_ibge;novabt_rs_ibge;novkg_rs_ibge;suiabt_rs_ibge;suikg_rs_ibge;monit_pibagro_fgv;monit_pibind_fgv;monit_pib_fgv;monit_pibserv_fgv;pib_br_agro;pib_br_ind;pib_br_serv;pib_br_tot;ipca_ibge;igpm_fgv;igpm_1dec_fgv;igpm_2dec_fgv;igpdi_fgv;igp10_fgv;inpc_ibge
mar/02;99,42987734;150647695;254209990;48601;11926737;68744;13764074;113346;26007113;1152982;91194293;109,999;100,311;96,151;117,56;143,03;98,08;113,53;110,63;1,487163232;0,510594194;0,479773722;0,48054009;0,480749376;0,581084655;2,011893565
jun/02;103,823852;149199301;249345335;73747;18002466;78181;16068510;91129;21494574;1249255;101561222;109,075;101,589;97,191;114,84;144,8;107,66;116,37;115,41;1,435929056;2,956125579;0,911666694;2,24500132;3,589399198;2,42686402;1,385312733
set/02;94,50733649;146751872;243592919;69276;16545649;74182;15387149;86170;19062815;1335784;105992999;109,176;143,544;94,721;112,919;143,46;112,93;120,69;119,5;2,581038692;6,81880576;2,989054587;5,093876408;7,216081232;6,661924864;2,866655087
dez/02;102,2389342;153289670;243742673;76083;18002410;97299;19748156;105081;23702625;1288134;98732067;113,627;183,95;102,338;112,839;102,56;114,21;122,97;119,24;6,561322802;13,35813499;6,628481569;10,25944399;13,27385233;13,47671865;7,848580021
mar/03;100,6728303;152309767;244624252;86059;20907430;100537;20650468;86022;19303352;1249319;97094092;115,918;172,67;107,36;114,817;165,01;98,15;115,61;113,58;5,132745498;6,264469797;2,886050134;4,741668837;5,51749175;6,420711604;5,390397049
jun/03;111,2083566;145963947;241091578;80559;19352374;108955;21970181;97604;22184977;1191992;93845734;115,742;129,829;109,511;117,017;164,26;105,52;117,4;116,31;1,433538125;-0,34896808;0,226778676;-0,086220107;-0,960907771;0,662812537;2,322231803
set/03;92,9195602;154939247;252547111;74582;17654552;111318;22469002;105390;23158869;1215105;95957322;114,576;131,912;106,119;117,268;145,57;115,09;121,26;120,25;1,324897304;1,137913167;0,518827;0,867595448;1,47315698;0,423512437;1,04187659
dez/03;103,3207556;158856487;258809954;93853;22011592;131873;26924055;120774;26793118;1130228;89768644;119,656;167,31;111,778;119,292;103,35;114,59;123,99;119,94;1,154267127;1,487180358;0,872473298;1,214862468;1,527644672;1,719640788;1,305554792
mar/04;108,0795419;155951442;258602056;90052;21540224;149536;30392065;103987;23392631;1148331;88742815;120,14;146,559;113,486;121,095;165,03;105,39;119,45;117,98;1,851096789;2,723881614;1,072971742;2,053387106;2,836204352;2,612160244;1,800209451
jun/04;106,9447362;154373279;267642248;88793;21316270;165584;33396169;96319;21557926;1170483;90090345;118,707;116,514;113,534;121,696;167,55;114,92;123,94;123,65;1,598148398;3,950845744;1,608402414;3,213713953;3,950675591;3,9917032;1,3156982
set/04;99,58108873;151219487;251701708;106067;25016153;187103;39655478;113805;25355482;1240471;95758666;122,958;98,732;123,594;124,535;152,2;125,25;127,59;128,14;1,941579721;3,253549276;1,103692724;2,35747698;2,956765683;3,43801655;1,405747205
dez/04;106,8876643;187418455;287762028;113317;27178426;229595;48546104;164173;37668892;1161383;88664857;120,144;98,76;116,198;123,805;104,95;123,38;131,24;127,39;2,00278011;1,962175665;1,002522023;1,355260536;1,881388599;1,840085699;1,476000433
mar/05;105,0781396;156161630;258466584;95572;22828214;186244;37543978;121680;27492785;1168623;94415099;114,625;110,177;102,85;120,581;170,28;109,82;124,87;122,92;1,790579874;1,547044945;0,78188144;1,053369388;1,728560068;1,406201723;1,749899308
jun/05;103,4360292;162098756;277609341;95610;22750603;194033;38883338;116216;26087930;1280133;109796734;111,3;104,238;99,184;116,868;171,54;120,94;129,18;129,18;1,343990147;0,195300325;0,337879603;0,346490804;-0,192439262;0,755203;1,504591993
set/05;97,98955666;169730080;285546874;97752;23141951;205892;42415814;137412;30406442;1313659;116018682;112,485;167,443;95,18;115,024;149,15;123,86;132,1;130,85;0,771896488;-1,512554713;-1,007157814;-1,274785615;-1,315297108;-1,571948276;0,180045
dez/05;103,4370911;169274261;289987175;140925;33893422;243989;51233316;173427;39163838;1360531;114455523;116,944;223,36;100,091;114,941;105,37;123,68;134,46;130,13;1,66881985;0,99229976;0,47064624;0,801008085;1,032752455;0,892179008;1,527624528
mar/06;104,8354775;175867420;291012089;116655;27980748;205412;42153670;135512;30567896;1334245;109011813;116,972;207,443;102,119;116,104;171,13;113,45;130,62;128,18;1,436729402;0,697952788;0,339732892;0,709108082;0,206599944;0,981124572;0,88252336
jun/06;110,1516131;130712838;238016807;118065;28084725;194929;39460943;139909;31705113;1532379;131032451;116,66;144,11;108,56;117,804;170,97;118,69;134,21;132,13;0,099558559;0,70809203;0,048500562;0,39739448;1,072756509;0,275993662;0,179980891
set/06;101,4377585;163360760;284936270;128288;30467091;196446;40459866;159368;35966784;1728626;154345095;115,309;141,221;105,878;118,298;165,72;127,01;137,86;136,72;0,450599199;0,842262931;0,540965571;0,581113706;0,822090673;1,023432791;0,250121965
dez/06;110,163902;166243367;270116955;129862;31107018;179993;37774317;175170;40556383;1706882;140554434;119,985;171,423;112,983;119,828;116,18;128,74;140,46;136,37;1,12409991;1,54744028;1,082971428;1,27457704;1,648217004;1,707933067;1,477087197
mar/07;111,5767663;179662042;291922821;113659;27133095;145287;30451371;144315;33332792;1637080;141564035;119,422;146,784;114,049;120,521;177,74;118,14;138,04;134,84;1,255199163;1,11397259;0,621169669;0,811941373;0,882443176;1,05364215;1,356071055
jun/07;117,288325;186785413;300734464;93995;22409727;109381;22725650;116983;27256315;1718582;151371649;121,341;118,497;118,225;123,436;171,99;129,07;142,25;140,77;0,81218596;0,340224042;-0,040780058;0,229922;0,561004582;0,420567243;0,832290096
set/07;107,7377766;181346028;295003231;75842;18006621;71338;14837294;94880;21666151;1737557;151752454;122,953;100,44;123,098;124,583;173,48;135,84;145,27;144,75;0,89240803;2,569033398;1,22376824;1,839322771;2,955795173;2,344070698;1,16416772
dez/07;118,7363838;186226288;321131550;98121;23288843;98644;20703193;129088;29659504;1679764;143869625;120,154;102,414;114,882;124,393;121,05;135,12;149,24;145,43;1,426180436;3,537996512;2,28574913;2,904827571;3,304450762;3,406019792;1,708383513
mar/08;115,8948055;193485003;323535912;97673;23457384;95047;19867100;117792;27185965;1630550;141810790;116,727;107,203;105,778;122,989;186,2;126,58;145,34;143,14;1,517602701;2,37780775;1,436529568;2,185153368;2,083378334;2,449311776;1,689295891
jun/08;120,5158525;196500159;336916052;92078;22429857;117701;25042600;129457;30464119;1759072;159814391;114,053;108,67;104,075;118,864;191,02;135,83;150,48;149,69;2,094293153;4,336868958;3,697869414;3,780755273;4,968153958;3,975586064;2,53075991
set/08;115,5456341;199214264;330884714;83133;19692597;110757;23642579;112266;25036095;1797907;164902007;114,013;162,267;98,889;117,288;182,18;145,04;154,29;154,86;1,073593858;1,545945805;1,539845;1,708519141;1,098392678;1,95757208;0,942404827
dez/08;116,4631577;206985108;345966395;103926;24864008;147647;31127862;139993;31680200;1712130;153968775;125,878;224,166;113,212;122,197;122,05;131,97;152,43;146,92;1,093892536;1,231951159;1,49629616;1,404891107;0,715655643;1,546148708;1,17445751
mar/09;109,4045696;171307406;297711031;95558;23018100;127344;26407034;94137;21042213;1733914;158905400;123,156;204,433;110,728;121,82;183,59;112,91;146,77;139,67;1,23470528;-0,919803534;-0,341791141;-0,492132604;-0,959004891;-0,623614771;1,153887968
jun/09;120,4779637;187644799;315605830;100641;24506390;142011;29633132;101766;22714833;1736444;159777806;123,432;147,236;116,147;124,637;180,49;125,01;151,51;146,39;1,315684122;-0,319675105;-0,760281008;-0,399866677;-0,10063223;-0,571044638;1,57814386
set/09;112,3894116;199332310;321039584;94841;22680544;147120;30716916;97750;21171153;1807857;166350352;124,364;150,983;117,891;125,372;168,51;136,69;156,47;153,06;0,631296864;-0,371763498;-0,630979621;-0,321745908;-0,30195244;-0,60121765;0,470680294
dez/09;120,9979415;198098808;318512562;112733;27809428;192097;40890473;143493;31526461;1718038;153868117;128,437;186,868;122,417;126,294;123,44;139,44;160,24;154,75;1,063705248;-0,11034013;-0,16009984;-0,050198065;-0,080060969;0,099950951;0,852354131
mar/10;121,4456161;183394336;299692358;113229;27715165;174783;37074812;110518;24860468;1725104;155295694;128,292;150,288;126,379;127,501;196,2;130,2;155,88;152,53;2,06383642;2,77451788;2,214546137;2,540312051;2,754308357;2,39626376;2,307421736
jun/10;129,349081;187883904;314612749;130991;31579657;180951;37968769;100684;22411344;1779257;163170008;127,679;119,434;126,952;128,97;198,64;141,25;160,64;158,86;1,002451;2,835900886;2,967651045;2,53017035;2,649128434;3,069703909;1,051859547
set/10;120,1226801;192639341;326364628;140837;33449963;168355;35617989;116843;25260185;1818953;168231461;127,92;96,953;129,406;130,042;177,85;148,05;165,43;163,63;0,500229018;2,081748283;1,556137821;1,6161407;2,43696662;1,635944576;0,399293265
dez/10;124,2391379;189420875;316235053;155319;36805054;223412;48003625;159872;35071979;1787659;163508251;128,429;103,323;125,198;132,081;127,28;146,99;168,73;163,55;2,226218218;3,18172005;2,388756178;2,8664351;3,016253841;3,622846418;2,571232856
mar/11;128,4591903;193543809;315273496;121622;28504753;182034;37692544;120863;26383085;1760635;159665988;125,829;114,562;115,528;131,599;206,74;137,68;163,22;160,45;2,439569456;2,42904698;1,567969306;2,11448571;2,571299389;2,377857395;2,154877502
jun/11;137,2038162;197078916;329396198;125551;30325604;177405;37260875;103943;22838216;1839403;182172762;120,146;106,313;110,579;125,3;200,08;148,49;167,63;166,33;1,395484429;0,700347517;1,162721535;1,001081377;0,379386935;0,890631224;1,516951029
set/11;124,0654739;196837168;319158539;122987;29255804;180021;38547375;113044;25090838;1853184;178413336;118,934;168,844;103,086;122,499;191,49;153,92;170,09;169,41;1,063404138;0,971548568;0,439579013;0,639927396;1,313892713;0,710262488;0,87189
dez/11;128,1075242;177508140;284112308;139426;33082870;202667;43815613;129148;28600420;1864350;178015426;129,673;235,674;115,798;126,798;141,13;149,71;172,24;167,75;1,45699718;0,91141082;0,861993666;0,8313686;0,670389248;1,27487335;1,406372302
mar/12;124,6171371;189372449;300817001;146674;34612694;168057;34984035;99648;22120033;1844709;157728914;129,538;218,789;117,661;127,768;183,52;140,97;166,76;163,19;1,224646292;0,620666355;0,119757023;0,460142153;0,932283176;0,390356086;1,08361258
jun/12;127,8457421;150474458;272870453;151184;36661308;166474;35108575;99607;21820838;1869855;174242309;128,87;145,981;122,425;129,677;199,76;143,75;171,66;167,97;1,083105843;2,551069222;2,08393226;2,35791773;2,642663046;2,459604611;1,456623152
set/12;125,3454648;190014161;317820340;141569;33635444;183727;39654032;104337;22595184;1933585;169796231;129,144;149,853;122,721;130,098;200,56;153,21;175,68;173,63;1,416561049;3,786216871;2,77430682;3,366362671;3,73450855;3,642199272;1,517491191
dez/12;129,1019376;198899228;328035622;152982;36249285;202022;43479250;140577;31025667;1934135;170854731;130,249;182,345;121;130,051;132,8;147,6;178,62;171,91;1,992968966;0,669925959;0,620008055;0,679689344;0,598823885;0,769698591;2,003112372
mar/13;132,1180523;175398535;285946080;160151;39208304;169991;36124852;95648;21069674;1892803;162808153;132,854;147,583;126,871;133,439;223;138,96;171,4;167,63;1,942046252;0,842311071;0,972913521;0,922790774;0,822202922;0,93278268;2,053452704
jun/13;150,7242204;200488658;341267429;159822;38654180;147337;31015685;85410;18870374;1996090;173427790;129,435;117,52;123,711;132,813;220,04;150,15;176,97;174,73;1,184432291;0,901125;0,882061542;1,032174207;1,021782541;0,720403979;1,224702782
set/13;131,8946996;198120857;338670094;138232;32198853;158535;33635091;119507;26507304;2103528;179348521;129,724;94,894;126,626;133,134;195,19;157,6;180,49;178,42;0,621017252;1,91654585;1,414319448;1,71502759;1,968812758;1,636741773;0,299872438
dez/13;135,4033295;192367660;330541590;167376;39602742;188836;40941854;144610;32266174;1962225;162048387;130,293;103,458;125,834;133,722;138,33;151,52;182,92;176,26;2,043318318;1,759408964;1,47623816;1,759278742;1,608055172;2,00172549;1,881597717
mar/14;137,4096508;189933386;318291687;137063;32254588;156892;33021156;106867;23846273;1928948;165357346;130,379;117,745;118,569;136,518;238,38;144,36;176,22;173,45;2,175237914;2,546216461;1,757667442;2,120989566;2,75195032;2,183114446;2,104479062
jun/14;149,180181;192097015;334809605;145251;34442005;150411;31761289;100289;22308344;1997288;175725980;125,767;126,404;113,52;130,149;220,45;144,84;178,14;173,97;1,537614328;-0,095816496;0,135437235;0,144614125;-0,632012243;0,642692635;1,648280168
set/14;130,4218869;206600275;347956797;134060;31545956;177590;37937734;121945;26115755;2079600;179888583;124,27;169,395;107,299;128,258;197,24;152;181,2;177,28;0,831507142;-0,680109706;-0,55055197;-0,550875466;-0,470428066;-0,800351452;0,801754147
dez/14;131,6016918;194471374;328245560;170283;40745419;184553;39924890;119506;25290426;2007045;168582450;134,495;217,597;119,54;133,454;142,16;148;183,25;175,86;1,719412708;1,890573013;1,072412751;1,506467084;2,123325559;1,828397607;1,537668487
mar/15;132,7283228;186654300;317414521;142329;33611332;153775;32130607;92646;19429163;1872235;161607310;129,608;191,271;112,926;132,124;255,39;138,38;174,09;170,64;3,82779969;2,02216611;1,123074931;1,556851392;2,428113967;1,68887599;4,207291237
jun/15;145,5242654;188426383;325011889;143931;34130023;145181;30464555;84806;17209625;1947672;175471432;133,984;159,471;123,274;135,181;230,36;137,94;174,2;169,2;2,256750507;2,26541514;2,022515689;2,17404706;2,012681024;2,376844643;2,490173123
set/15;122,2764498;210392268;359389044;134547;31025397;171901;36416213;109970;23103063;2052229;185529205;132,81;162,168;119,869;135,324;196,81;143,26;175,04;169,72;1,385907366;1,931165354;1,31485364;1,536934845;2,416268944;1,709214555;1,345690395
dez/15;122,8108685;215555219;357587560;158426;37551953;190993;40843351;125808;26918539;2050201;181441641;135,779;203,417;123,487;135,45;142,13;135,68;175,83;166,15;2,815929507;3,945577767;3,42455853;3,85365485;3,424016154;4,389593739;2,805543923
mar/16;126,1147317;208177261;349667749;149672;35865893;163094;34421390;106847;22388955;2095729;185771848;138,803;165,455;130,313;139,038;235,89;128,1;168,49;161,87;2,620810149;2,967174001;2,082116685;2,519237256;2,772114974;2,843749031;2,925232118
jun/16;140,9072375;212207935;354258715;142257;33660352;151568;31547836;88436;18397643;2085100;185201884;135,592;128,295;127,234;139,1;218,13;132,56;170,45;163,75;1,749639653;2,862186731;2,031929485;2,325101132;3,148421308;2,43663408;2,103915478
set/16;121,0135822;209773723;354472564;136701;32424577;179789;38385743;105915;22057825;2087458;186508976;137,043;108,347;133,999;139,224;188,11;138,34;172,2;165,55;1,04305783;0,53093054;0,93209;0,681395778;0,068334497;1,149971697;1,032745587
dez/16;122,6518043;202746401;333425829;171096;40330140;182991;39625179;129850;28150394;2086989;183883318;137,354;110,774;131,667;140,593;139,47;130,91;172,48;162,39;0,741789404;0,670653741;0,079771022;0,590770131;1,01155954;0,380432144;0,380455167
mar/17;128,7469562;209701548;343835456;135937;32012452;174780;37064458;98520;20789590;2025206;177092505;134,719;129,405;120,542;141,57;283,97;125,62;166,43;162,33;0,963032135;0,730584051;1,21326215;0,860776122;0,10839502;1,071742616;0,983123226
jun/17;145,8945848;206176645;344877850;142143;33566915;170763;35912093;84167;17395774;1966002;181431241;132,566;133,181;117,941;137,857;253,24;129,54;170,94;165,04;0,219398002;-2,676237541;-2,125134589;-2,469774747;-2,68693671;-2,460159832;0,138967136
set/17;120,9782862;220585025;360295958;133806;31604300;182901;39141276;105033;21969883;2037467;187285125;130,36;176,965;110,937;135,219;207,74;137,84;174,76;168,27;0,59114473;-0,153637384;-0,643046031;-0,273001873;0,558903536;-0,622505431;0,11992101
dez/17;124,242656;211860509;354670920;155602;37024117;217899;47029556;132873;29061156;1992055;181192740;141,582;223,064;125,541;141,033;147,28;134,25;176,74;166,58;1,144261174;1,617457256;1,032125533;1,557015768;1,64746592;1,637756584;0,812097732
mar/18;129,1651999;212607953;353588169;147999;35173494;185213;39093127;109766;23739542;2028315;183636039;137,864;194,925;122,37;139,81;276,45;127,28;170,95;165,42;0,701477835;1,475847405;1,5166672;1,445262451;1,294962872;1,476415176;0,48070129
jun/18;141,4825921;210567850;354050802;157159;37508345;190358;39947311;94894;20030898;1985946;184011259;142,6;158,787;133,387;143,437;255,26;131,05;174,38;167,71;1,888703088;3,864478094;2,82154624;3,382884;4,10351373;3,567393618;2,080067913
set/18;128,7648325;214173608;350779026;148476;35798389;206213;44955332;117052;25534078;2115910;194262972;141,851;162,269;131,464;143,504;217,7;139,23;178,38;171,73;0,720853574;2,752016264;1,911661673;2,559678583;2,933093557;2,6518658;0,55075
dez/18;130,6582059;216377047;354468818;163268;39799058;228288;49269585;132890;29201704;2085282;186197183;144,618;216,108;134,27;143,56;154,48;133,47;179,52;169,17;0,389413582;-0,688633901;-0,222172474;-0,540485957;-1,328990662;0,022119142;0,2892086
mar/19;131,2507438;201771591;324480150;143496;34721979;186602;39320128;108212;23588066;2133432;189037468;147,059;171,457;139,999;146,421;277,82;125,4;173,7;166,91;1,50701132;2,161303109;0,941693426;1,605668417;2,405008362;1,54090544;1,678888969
jun/19;148,4571245;201625086;340298693;137812;32600711;155167;32713195;94793;19574241;2087093;191651110;142,576;132,866;133,256;145,833;257,28;130,57;176,64;169,68;0,710811074;2,18513312;1,942382251;2,12475793;1,94181268;2,2053643;0,76097509
set/19;126,8815509;205541126;346686155;127548;30499521;181646;39366431;129777;28065932;2108295;194036743;147,762;112,109;142,439;149,378;219,76;138,23;180,5;173,64;0,260088916;-0,282652732;-0,8510844;-0,433173909;-0,022548745;-0,153264686;0,17000994
dez/19;129,0803702;205638933;343061244;135317;32907620;182387;39697396;149430;33887970;2078282;185494321;145,672;117,036;136,182;149,04;152,78;133,27;183,02;172,03;1,767530865;3,092564636;2,604461955;2,917217249;3,169116345;2,667711725;1,807294635
mar/20;126,3009824;211800511;350598368;117760;28099642;149653;31717505;106175;22950599;2075770;186855621;142,847;134,016;126,728;149,312;297,62;123,87;174,26;167,6;0,530847367;1,685261619;0,821005;1,565643;1,741649148;1,727019685;0,540971581
jun/20;120,6465859;180878796;308994835;115375;27461591;145599;30845889;93247;19901100;2013869;186591103;141,598;130,735;128,674;145,221;271,38;113,39;159,41;152,48;-0,430612937;2,659122944;2,096522304;2,50504948;2,73846356;2,76940326;-0,180863275
set/20;122,8310121;211847590;355176417;120339;29872207;213169;47901405;128073;28326316;2146574;198331941;140,538;188,051;122,343;143,514;223,52;138,3;173,13;168,37;1,24470953;9,589451827;7,184411755;9,178680148;9,808476414;9,023116218;1,678557781
dez/20;127,2570825;213754777;355850304;131771;32985507;206995;46688461;144453;32239260;2143419;194830608;147,279;239,809;128,717;147,272;153,01;136,24;180,39;171,46;3,131382329;7,639457062;6,032664267;7,310556908;7,225922355;8,926719704;3,335442443
mar/21;132,1617017;218180944;366429704;122369;30297015;144362;32152050;110352;24390006;2221261;205622421;148,504;220,521;131,963;148,541;309,43;131,58;173,37;170,53;2,052492995;8,267427056;5,871290616;7,834758335;7,992526284;7,45925208;1,96160704
jun/21;155,0246848;201458293;351365145;108038;26789268;125151;28277875;77750;16683754;2300726;219542162;149,751;175,465;137,146;150,95;266,28;134,64;176,62;171,38;1,678628637;6,30594146;4,47299816;6,3788801;5,811745028;7,304203654;1,951709888
set/21;125,5808748;202465083;370043949;98771;25017372;144411;34221351;111365;25737148;2431808;228920290;150,819;177,072;138,391;151,934;208,28;140,27;183,12;175,46;3,019676883;0,795899053;-0,081537378;1,09712791;0,750776165;0,987084141;3,131883712
dez/21;130,3886762;208285379;371684365;113522;28756053;150277;35151751;140334;32976847;2367446;218985959;156,19;225,288;145,23;153,424;161,57;131,08;187,08;173,96;2,958021688;1,535871114;0,424292431;1,16291002;2,273354;0,735084165;2,754415131
mar/22;128,8725231;208212903;373687212;108769;26954376;112569;25358327;124559;28830691;2394038;219431586;154,649;180,247;144,624;154,564;288,89;128,55;179,87;173,05;3,200652355;5,487395524;2,809458;4,86318047;5,994051555;5,030346216;3,41537157
jun/22;138,5270068;197490625;347078217;93304;22997123;112810;25434443;101792;22612255;2425699;228361153;153,728;140,996;145,252;154,884;263,83;136,1;184,98;177,45;2,215266379;2,538762259;2,512569864;2,809574683;1,72966654;3,341590352;2,123947016
set/22;129,1742814;209083184;371424226;89154;22571511;155878;36235056;155084;36388231;2485363;233480602;154,094;116,623;147,936;155,202;226,66;143,97;192,22;183,04;-1,324543099;-1,436801035;-1,397644288;-0,962482028;-2,136589498;-0,99329274;-1,225233952
dez/22;132,3938015;205989217;372625428;104125;26767777;177077;41996988;153325;35794488;2420828;222282694;146,326;118,198;133,021;150,979;155,54;137,12;193,78;178,65;1,628633998;-1,081428556;-1,25955379;-0,616025849;-0,49136054;-1,26970991;1,547663323
mar/23;130,6914051;210742388;386153431;105501;26494516;131275;29932074;133120;30506144;2463933;223687890;140,347;131,316;114,946;151,104;359,09;130,6;186,1;180,74;2,094210609;0,199948937;-0,110914528;0,500569154;-0,240316082;0,120045005;1,881436669
jun/23;148,2593007;201549092;370541303;90312;22496799;130963;29701467;111334;24855382;2425225;228409939;135,89;126,571;111,534;145,346;323,39;137,37;190,85;184,28;0,760729878;-4,649010364;-3,930443315;-3,89182822;-4,718378229;-4,254901228;0,791016092
set/23;128,7737146;192827104;342774629;89462;22574736;185283;44026600;122614;28470944;2444434;232387521;135,504;182,02;106,264;144,335;248,43;145,65;196,61;187,35;0,611186718;-0,49217027;-2,579103245;-0,442218531;0,0982241;-1,050781426;0,219940802
dez/23;131,4452289;182688256;318929417;105052;26999946;201273;47241669;146749;34059392;2371483;219524153;147,602;242,172;120,94;150,616;156,39;141,29;198,14;182,9;1,083587763;1,84103783;-0,827710106;2,043684451;1,65903032;1,669168765;0,77133066
mar/24;139,2724848;190634791;334195303;102559;26278638;145896;33640426;105967;24125972;2430906;225812938;144,648;218,536;119,347;149,016;339,3;134,55;192,7;185,36;1,415491578;-0,918247289;-1,641073919;-0,471115987;-0,976856321;-0,402334359;1,577247772
jun/24;155,3950941;178029053;307219344;100690;25212760;129384;29126013;76646;16841545;2496427;237772779;146,965;161,981;127,21;152,341;312,6;142,88;197,73;190,43;1,053515671;2,022501348;1,30211;1,494484291;2,10424532;1,582631419;1,083781255
set/24;133,7665232;182001178;312418355;93378;23692682;155832;36307843;97189;22711733;2699574;253873574;147,567;160,957;128,469;153,17;246,42;150,85;204,66;194,94;0,801507666;1,527359968;0,661359891;1,32580346;1,990791259;1,355351832;0,600210253
dez/24;137,1441673;190627705;322413499;129683;32601880;190316;43510204;122656;28302189;2554342;233130151;152,298;198,232;135,065;154,111;154,1;144,81;204,91;189,51;1,477135357;3,806453744;2,78540224;3,509909549;3,631994096;3,981457502;1,426534662
mar/25;141,7913094;188597371;330555501;97180;24670764;149331;33893951;95528;21737792;2602766;237108900;153,514;170,878;137,159;156,704;373,81;137,78;196,73;190,65;2,040339738;0,988330269;1,013378732;0,808507621;0,6055445;1,445172844;1,997548
;;;;;;;;;;;;153,354;136,435;137,832;158,59;;;;;;;;;;;
;;;;;;;;;;;;156,28;116,21;145,333;159,84;;;;;;;;;;;
;;;;;;;;;;;;154,955;118,42;139,982;160,379;;;;;;;;;;;
;;;;;;;;;;;;153,001;135,685;133,014;160,504;;;;;;;;;;;
;;;;;;;;;;;;148,127;130,339;128,98;154,342;;;;;;;;;;;
;;;;;;;;;;;;147,267;194,28;121,981;152,333;;;;;;;;;;;
;;;;;;;;;;;;162,189;263,979;139,633;160,979;;;;;;;;;;;
;;;;;;;;;;;;158,543;245,751;137,315;158,865;;;;;;;;;;;
;;;;;;;;;;;;159,588;175,603;144,236;161,719;;;;;;;;;;;
;;;;;;;;;;;;158,458;174,563;142,207;161,332;;;;;;;;;;;
;;;;;;;;;;;;163,384;213,908;147,255;163,376;;;;;;;;;;;
;;;;;;;;;;;;164,408;177,217;149,179;166,071;;;;;;;;;;;
;;;;;;;;;;;;163,088;142,42;147,73;166,83;;;;;;;;;;;
;;;;;;;;;;;;164,131;117,139;151,531;167,886;;;;;;;;;;;
;;;;;;;;;;;;164,765;124,859;150,255;168,813;;;;;;;;;;;
;;;;;;;;;;;;161,751;139,842;139,195;169,479;;;;;;;;;;;
;;;;;;;;;;;;156,432;146,434;135,5;162,249;;;;;;;;;;;
;;;;;;;;;;;;157,886;205,922;133,01;161,635;;;;;;;;;;;
;;;;;;;;;;;;167,036;267,856;144,54;165,776;;;;;;;;;;;
;;;;;;;;;;;;163,062;237,804;140,328;164,567;;;;;;;;;;;
;;;;;;;;;;;;169,307;179,18;155,411;169,452;;;;;;;;;;;
;;;;;;;;;;;;166,622;183,242;149,725;168,857;;;;;;;;;;;
;;;;;;;;;;;;169,025;231,584;152,006;168,51;;;;;;;;;;;
;;;;;;;;;;;;171,096;189,467;157,278;170,769;;;;;;;;;;;
;;;;;;;;;;;;168,123;153,432;152,482;170,981;;;;;;;;;;;
;;;;;;;;;;;;168,219;130,354;154,153;171,252;;;;;;;;;;;
;;;;;;;;;;;;168,876;138,027;151,902;172,471;;;;;;;;;;;
;;;;;;;;;;;;166,151;155,002;143,084;173,004;;;;;;;;;;;
;;;;;;;;;;;;159,369;128,74;140,607;164,989;;;;;;;;;;;
;;;;;;;;;;;;158,826;185,401;136,051;162,756;;;;;;;;;;;
;;;;;;;;;;;;171,377;236,432;146,254;172,547;;;;;;;;;;;
;;;;;;;;;;;;164,633;218,842;138,939;167,749;;;;;;;;;;;
;;;;;;;;;;;;170,866;187,842;148,179;174,217;;;;;;;;;;;
;;;;;;;;;;;;168,414;192,582;144,147;173,012;;;;;;;;;;;
;;;;;;;;;;;;174,199;249,371;151,674;174,856;;;;;;;;;;;
;;;;;;;;;;;;177,679;200,862;158,799;178,674;;;;;;;;;;;
;;;;;;;;;;;;168,999;151,46;149,165;173,498;;;;;;;;;;;
;;;;;;;;;;;;174,649;129,588;155,698;178,399;;;;;;;;;;;
;;;;;;;;;;;;171,316;129,742;148,529;176,715;;;;;;;;;;;
;;;;;;;;;;;;169,777;139,069;138,586;180,737;;;;;;;;;;;
;;;;;;;;;;;;164,982;141,454;140,221;171,221;;;;;;;;;;;
;;;;;;;;;;;;162,736;227,523;132,352;167,502;;;;;;;;;;;
;;;;;;;;;;;;175,176;300,036;144,304;175,49;;;;;;;;;;;
;;;;;;;;;;;;177,521;283,593;149,451;177,26;;;;;;;;;;;
;;;;;;;;;;;;174,573;191,564;151,914;177,405;;;;;;;;;;;
;;;;;;;;;;;;172,086;184,973;149,087;176,254;;;;;;;;;;;
;;;;;;;;;;;;179,481;235,387;156,336;180,385;;;;;;;;;;;
;;;;;;;;;;;;179,973;196,634;160,754;181,178;;;;;;;;;;;
;;;;;;;;;;;;175,794;153,54;155,716;179,911;;;;;;;;;;;
;;;;;;;;;;;;180,287;132,787;161,772;183,622;;;;;;;;;;;
;;;;;;;;;;;;176,605;135,9;154,248;181,698;;;;;;;;;;;
;;;;;;;;;;;;171,891;146,305;138,527;183,45;;;;;;;;;;;
;;;;;;;;;;;;170,244;153,37;143,43;177,325;;;;;;;;;;;
;;;;;;;;;;;;171,559;242,788;141,967;174,22;;;;;;;;;;;
;;;;;;;;;;;;178,538;318,98;147,681;177,104;;;;;;;;;;;
;;;;;;;;;;;;176,967;293,011;144,651;177,938;;;;;;;;;;;
;;;;;;;;;;;;176,092;184,826;149,581;180,868;;;;;;;;;;;
;;;;;;;;;;;;168,839;183,523;140,283;175,628;;;;;;;;;;;
;;;;;;;;;;;;178,286;235,061;150,442;181,455;;;;;;;;;;;
;;;;;;;;;;;;177,047;196,597;152,655;180,902;;;;;;;;;;;
;;;;;;;;;;;;176,495;160,067;152,917;181,229;;;;;;;;;;;
;;;;;;;;;;;;180,188;133,193;158,393;184,763;;;;;;;;;;;
;;;;;;;;;;;;174,592;137,017;148,611;180,765;;;;;;;;;;;
;;;;;;;;;;;;172,795;156,28;137,004;184,221;;;;;;;;;;;
;;;;;;;;;;;;167,152;159,623;138,177;174,451;;;;;;;;;;;
;;;;;;;;;;;;165,178;260,229;132,198;169,171;;;;;;;;;;;
;;;;;;;;;;;;179,585;346,332;144,76;178,634;;;;;;;;;;;
;;;;;;;;;;;;172,147;311,858;136,854;174,319;;;;;;;;;;;
;;;;;;;;;;;;169,126;190,199;140,104;175,153;;;;;;;;;;;
;;;;;;;;;;;;166,323;189,01;136,857;173,114;;;;;;;;;;;
;;;;;;;;;;;;171,737;235,047;142,882;176,063;;;;;;;;;;;
;;;;;;;;;;;;170,209;195,819;145,581;174,931;;;;;;;;;;;
;;;;;;;;;;;;167,211;159,565;141,329;174,131;;;;;;;;;;;
;;;;;;;;;;;;170,282;135,059;146,075;176,941;;;;;;;;;;;
;;;;;;;;;;;;164,766;137,807;135,847;173,427;;;;;;;;;;;
;;;;;;;;;;;;163,408;153,533;125,109;177,132;;;;;;;;;;;
;;;;;;;;;;;;157,234;146,11;125,477;167,734;;;;;;;;;;;
;;;;;;;;;;;;159,051;243,118;125,405;165,503;;;;;;;;;;;
;;;;;;;;;;;;169,326;318,45;133,408;172,241;;;;;;;;;;;
;;;;;;;;;;;;165,414;289,925;129,966;170,352;;;;;;;;;;;
;;;;;;;;;;;;162,049;182,655;133,102;169,699;;;;;;;;;;;
;;;;;;;;;;;;163,796;181,822;134,606;171,303;;;;;;;;;;;
;;;;;;;;;;;;165,55;218,825;136,917;171,549;;;;;;;;;;;
;;;;;;;;;;;;167,314;190,028;141,235;173,384;;;;;;;;;;;
;;;;;;;;;;;;163,798;155,481;136,871;171,656;;;;;;;;;;;
;;;;;;;;;;;;163,654;130,855;136,728;172,141;;;;;;;;;;;
;;;;;;;;;;;;163,105;136,357;133,053;172,279;;;;;;;;;;;
;;;;;;;;;;;;160,426;151,205;122,941;173,032;;;;;;;;;;;
;;;;;;;;;;;;156,751;168,641;123,114;166,447;;;;;;;;;;;
;;;;;;;;;;;;158,379;295,468;120,432;162,654;;;;;;;;;;;
;;;;;;;;;;;;171,851;387,814;133,326;170,187;;;;;;;;;;;
;;;;;;;;;;;;163,62;341,177;122,594;166,698;;;;;;;;;;;
;;;;;;;;;;;;166,655;213,564;133,916;173,549;;;;;;;;;;;
;;;;;;;;;;;;164,853;204,966;132,106;172,559;;;;;;;;;;;
;;;;;;;;;;;;168,768;250,004;135,383;174,238;;;;;;;;;;;
;;;;;;;;;;;;170,478;212,143;141,288;176,117;;;;;;;;;;;
;;;;;;;;;;;;165,564;161,065;136,835;173,913;;;;;;;;;;;
;;;;;;;;;;;;167,654;135,87;140,624;175,988;;;;;;;;;;;
;;;;;;;;;;;;166,734;140,534;136,673;176,056;;;;;;;;;;;
;;;;;;;;;;;;165,348;165,434;125,459;178,171;;;;;;;;;;;
;;;;;;;;;;;;162,11;170,825;127,682;171,177;;;;;;;;;;;
;;;;;;;;;;;;161,025;285,093;121,537;166,975;;;;;;;;;;;
;;;;;;;;;;;;173,124;373,435;132,635;174,691;;;;;;;;;;;
;;;;;;;;;;;;171,219;344,9;131,704;174,384;;;;;;;;;;;
;;;;;;;;;;;;163,383;206,913;127,222;172,539;;;;;;;;;;;
;;;;;;;;;;;;168,533;213,952;134,226;176,229;;;;;;;;;;;
;;;;;;;;;;;;172,553;264,895;139,266;177,377;;;;;;;;;;;
;;;;;;;;;;;;174,953;216,788;143,567;180,958;;;;;;;;;;;
;;;;;;;;;;;;167,688;171,428;134,85;176,809;;;;;;;;;;;
;;;;;;;;;;;;172,299;149,87;142,438;180,037;;;;;;;;;;;
;;;;;;;;;;;;169,946;150,126;135,72;179,475;;;;;;;;;;;
;;;;;;;;;;;;165,259;163,439;122,242;179,058;;;;;;;;;;;
;;;;;;;;;;;;164,244;164,066;126,748;174,823;;;;;;;;;;;
;;;;;;;;;;;;165,882;290,765;123,447;172,303;;;;;;;;;;;
;;;;;;;;;;;;170,605;378,622;126,005;173,989;;;;;;;;;;;
;;;;;;;;;;;;171,292;352,902;127,637;175,516;;;;;;;;;;;
;;;;;;;;;;;;171,42;209,054;135,615;178,896;;;;;;;;;;;
;;;;;;;;;;;;166,322;209,887;128,448;175,507;;;;;;;;;;;
;;;;;;;;;;;;175,074;275,594;137,265;180,497;;;;;;;;;;;
;;;;;;;;;;;;174,468;214,421;140,803;180,631;;;;;;;;;;;
;;;;;;;;;;;;171,368;169,262;136,635;180,377;;;;;;;;;;;
;;;;;;;;;;;;176,375;149,504;143,246;184,236;;;;;;;;;;;
;;;;;;;;;;;;171,467;148,759;134,599;181,516;;;;;;;;;;;
;;;;;;;;;;;;168,259;160,086;121,969;183,319;;;;;;;;;;;
;;;;;;;;;;;;165,455;170,653;124,823;176,493;;;;;;;;;;;
;;;;;;;;;;;;166,442;312,765;122,748;172,404;;;;;;;;;;;
;;;;;;;;;;;;170,906;409,446;124,053;173,875;;;;;;;;;;;
;;;;;;;;;;;;149,575;372,827;104,551;155,328;;;;;;;;;;;
;;;;;;;;;;;;150,467;219,762;114,027;158,229;;;;;;;;;;;
;;;;;;;;;;;;157,387;221,544;121,602;164,678;;;;;;;;;;;
;;;;;;;;;;;;167,338;282,518;135,732;169,832;;;;;;;;;;;
;;;;;;;;;;;;167,5;215,503;138,768;172,319;;;;;;;;;;;
;;;;;;;;;;;;170,259;172,529;140,392;177,24;;;;;;;;;;;
;;;;;;;;;;;;172,302;147,511;143,811;178,373;;;;;;;;;;;
;;;;;;;;;;;;171,012;148,966;135,317;179,815;;;;;;;;;;;
;;;;;;;;;;;;171,063;162,566;129,579;182,969;;;;;;;;;;;
;;;;;;;;;;;;164,24;168,905;130,979;172,692;;;;;;;;;;;
;;;;;;;;;;;;168,397;329,19;127,142;171,42;;;;;;;;;;;
;;;;;;;;;;;;178,965;430,193;136,627;175,997;;;;;;;;;;;
;;;;;;;;;;;;172,052;388,048;131,051;172,319;;;;;;;;;;;
;;;;;;;;;;;;171,192;206,943;137,386;178,387;;;;;;;;;;;
;;;;;;;;;;;;170,891;203,858;135,494;179,167;;;;;;;;;;;
;;;;;;;;;;;;176,389;248,117;140,348;182,324;;;;;;;;;;;
;;;;;;;;;;;;176,351;208,473;141,923;183,851;;;;;;;;;;;
;;;;;;;;;;;;173,637;168,254;138,531;183,171;;;;;;;;;;;
;;;;;;;;;;;;172,496;149,939;135,139;183,232;;;;;;;;;;;
;;;;;;;;;;;;174,49;163,567;131,591;187,171;;;;;;;;;;;
;;;;;;;;;;;;174,895;171,202;126,504;190,839;;;;;;;;;;;
;;;;;;;;;;;;164,395;161,907;125,257;177,676;;;;;;;;;;;
;;;;;;;;;;;;171,098;308,609;124,585;177,993;;;;;;;;;;;
;;;;;;;;;;;;183,647;396,159;135,824;183,938;;;;;;;;;;;
;;;;;;;;;;;;178,221;356,508;132,395;181,231;;;;;;;;;;;
;;;;;;;;;;;;177,818;216,776;138,886;187,089;;;;;;;;;;;
;;;;;;;;;;;;176,316;218,213;137,011;186,619;;;;;;;;;;;
;;;;;;;;;;;;183,66;284,867;142,697;189,952;;;;;;;;;;;
;;;;;;;;;;;;185,124;222,09;146,842;193,931;;;;;;;;;;;
;;;;;;;;;;;;180,341;173,013;142,371;192,769;;;;;;;;;;;
;;;;;;;;;;;;179,918;147,246;143,201;192,874;;;;;;;;;;;
;;;;;;;;;;;;178,62;158,065;137,713;192,732;;;;;;;;;;;
;;;;;;;;;;;;177,401;161,307;130,461;195,735;;;;;;;;;;;
;;;;;;;;;;;;171,581;187,754;128,876;184,773;;;;;;;;;;;
;;;;;;;;;;;;176,218;386,536;124,641;181,005;;;;;;;;;;;
;;;;;;;;;;;;194,413;502,973;138,295;192,519;;;;;;;;;;;
;;;;;;;;;;;;184,048;449,206;129,916;186,207;;;;;;;;;;;
;;;;;;;;;;;;185,274;263,694;142,322;193,097;;;;;;;;;;;
;;;;;;;;;;;;183,531;257,28;139,862;193,257;;;;;;;;;;;
;;;;;;;;;;;;188,47;327,785;143,695;194,417;;;;;;;;;;;
;;;;;;;;;;;;189,871;239,837;148,649;198,863;;;;;;;;;;;
;;;;;;;;;;;;183,716;177,677;144,591;196,559;;;;;;;;;;;
;;;;;;;;;;;;183,28;148,873;146,764;195,983;;;;;;;;;;;
;;;;;;;;;;;;183,674;157,24;142,711;198;;;;;;;;;;;
;;;;;;;;;;;;181,744;163,059;134,398;200,422;;;;;;;;;;;
;;;;;;;;;;;;179,627;191,439;133,971;193,53;;;;;;;;;;;
;;;;;;;;;;;;182,712;359,085;132,149;188,798;;;;;;;;;;;
;;;;;;;;;;;;193,752;467,381;137,516;195,762;;;;;;;;;;;
;;;;;;;;;;;;193,915;428,373;140,884;196,622;;;;;;;;;;;
;;;;;;;;;;;;187,812;256,493;143,512;197,12;;;;;;;;;;;
;;;;;;;;;;;;189,559;252,942;144,256;199,462;;;;;;;;;;;
;;;;;;;;;;;;197,605;321,005;150,838;204,064;;;;;;;;;;;
;;;;;;;;;;;;195,439;238,265;152,29;205,153;;;;;;;;;;;
;;;;;;;;;;;;191,763;180;149,42;204,777;;;;;;;;;;;
;;;;;;;;;;;;193,934;145,606;154,165;206,567;;;;;;;;;;;
;;;;;;;;;;;;188,921;150,177;145,363;203,632;;;;;;;;;;;
;;;;;;;;;;;;185,687;166,502;134,91;204,543;;;;;;;;;;;
;;;;;;;;;;;;183,279;207,16;136,637;196,371;;;;;;;;;;;
;;;;;;;;;;;;188,53;392,328;134,671;194,079;;;;;;;;;;;
;;;;;;;;;;;;200,145;521,944;142,023;199,744;;;;;;;;;;;
;;;;;;;;;;;;197,163;474,406;141,426;199,452;;;;;;;;;;;
;;;;;;;;;;;;194,814;272,637;147,515;204,262;;;;;;;;;;;
;;;;;;;;;;;;192,767;264,222;143,804;204,051;;;;;;;;;;;
