date;ibc_rs;igpdi_fgv;igp10_fgv;igpm_fgv;igpm_1dec_fgv;igpm_2dec_fgv;monit_pib_fgv;monit_pibagro_fgv;monit_pibind_fgv;monit_pibserv_fgv;ipca_ibge;inpc_ibge
01/01/2002;;214,535;219,288;216,944;0,47;0,32;109,075;101,589;97,191;114,84;1822,08;1849,78
01/02/2002;;214,927;219,585;217,074;-0,16;0,02;109,176;143,544;94,721;112,919;1828,64;1855,51
01/03/2002;;215,17;219,983;217,276;0,17;0,14;113,627;183,95;102,338;112,839;1839,61;1867,01
01/04/2002;;216,673;220,773;218,486;0,06;0,45;115,918;172,67;107,36;114,817;1854,33;1879,71
01/05/2002;;219,07;222,31;220,292;0,17;0,58;115,742;129,829;109,511;117,017;1858,22;1881,4
01/06/2002;;222,872;225,314;223,688;0,68;1,2;114,576;131,912;106,119;117,268;1866,02;1892,88
01/07/2002;;227,441;229,495;228,057;0,82;1,49;119,656;167,31;111,778;119,292;1888,23;1914,65
01/08/2002;;232,818;234,692;233,348;1,01;1,73;120,14;146,559;113,486;121,095;1900,5;1931,12
01/09/2002;;238,973;240,314;238,943;1,13;1,79;118,707;116,514;113,534;121,696;1914,18;1947,15
01/10/2002;;249,042;248,3;248,199;1,57;2,81;122,958;98,732;123,594;124,535;1939,26;1977,72
01/11/2002;;263,58;260,037;261,08;2,31;3,86;120,144;98,76;116,198;123,805;1997,83;2044,76
01/12/2002;;270,692;272,698;270,867;2,61;3,26;114,625;110,177;102,85;120,581;2039,78;2099,97
01/01/2003;75,67;276,578;278,954;277,173;1,34;1,81;111,3;104,238;99,184;116,868;2085,68;2151,84
01/02/2003;83,03;280,984;285,691;283,506;0,89;1,73;112,485;167,443;95,18;115,024;2118,43;2183,26
01/03/2003;96,55;285,64;290,206;287,855;0,63;1,13;116,944;223,36;100,091;114,941;2144,49;2213,17
01/04/2003;88,9;286,815;293,814;290,512;0,69;0,86;116,972;207,443;102,119;116,104;2165,29;2243,71
01/05/2003;75,45;284,9;293,871;289,747;0,01;-0,28;116,66;144,11;108,56;117,804;2178,5;2265,92
01/06/2003;69,45;282,913;292,131;286,843;-0,47;-0,66;115,309;141,221;105,878;118,298;2175,23;2264,56
01/07/2003;69,05;282,349;289,996;285,649;-0,17;-0,35;119,985;171,423;112,983;119,828;2179,58;2265,47
01/08/2003;67,91;284,105;290,599;286,735;0;0,18;119,422;146,784;114,049;120,521;2186,99;2269,55
01/09/2003;69,01;287,081;293,369;290,127;0,69;1,04;121,341;118,497;118,225;123,436;2204,05;2288,16
01/10/2003;73,62;288,337;295,328;291,229;0,37;0,37;122,953;100,44;123,098;124,583;2210,44;2297,08
01/11/2003;75,1;289,718;296,645;292,657;0,23;0,38;120,154;102,414;114,882;124,393;2217,96;2305,58
01/12/2003;74,81;291,462;298,391;294,455;0,27;0,46;116,727;107,203;105,778;122,989;2229,49;2318,03
01/01/2004;76,5;293,793;300,649;297,039;0,33;0,65;114,053;108,67;104,075;118,864;2246,43;2337,27
01/02/2004;80,74;296,976;302,99;299,097;0,08;0,47;114,013;162,267;98,889;117,288;2260,13;2346,39
01/03/2004;102,15;299,746;306,183;302,484;0,66;0,92;125,878;224,166;113,212;122,197;2270,75;2359,76
01/04/2004;89,09;303,184;309,864;306,151;0,52;0,98;123,156;204,433;110,728;121,82;2279,15;2369,43
01/05/2004;75,84;307,616;313,705;310,152;0,42;1,02;123,432;147,236;116,147;124,637;2290,77;2378,91
01/06/2004;73,33;311,576;318,407;314,419;0,66;1,18;124,364;150,983;117,891;125,372;2307,03;2390,8
01/07/2004;74,53;315,113;322,584;318,532;0,56;1,11;128,437;186,868;122,417;126,294;2328,02;2408,25
01/08/2004;72,19;319,244;325,303;322,412;0,19;0,62;128,292;150,288;126,379;127,501;2344,08;2420,29
01/09/2004;70;320,788;329,376;324,651;0,35;0,61;127,679;119,434;126,952;128,97;2351,82;2424,4
01/10/2004;74,81;322,492;330,147;325,925;0,05;0,12;127,92;96,953;129,406;130,042;2362,17;2428,52
01/11/2004;76,55;325,148;332,881;328,588;0,33;0,6;128,429;103,323;125,198;132,081;2378,47;2439,21
01/12/2004;79,36;326,833;335,437;331,005;0,62;0,63;125,829;114,562;115,528;131,599;2398,92;2460,19
01/01/2005;75,42;327,915;336,858;332,298;0,2;0,28;120,146;106,313;110,579;125,3;2412,83;2474,21
01/02/2005;77,11;329,241;337,916;333,288;0,18;0,22;118,934;168,844;103,086;122,499;2427,07;2485,1
01/03/2005;93,48;332,49;340,172;336,123;0,4;0,55;129,673;235,674;115,798;126,798;2441,87;2503,24
01/04/2005;84,16;334,17;344,158;339,03;0,67;0,82;129,538;218,789;117,661;127,768;2463,11;2526,02
01/05/2005;76,39;333,321;344,147;338,299;-0,03;-0,09;128,87;145,981;122,425;129,677;2475,18;2543,7
01/06/2005;74,78;331,823;342,743;336,801;-0,3;-0,38;129,144;149,853;122,721;130,098;2474,68;2540,9
01/07/2005;74,02;330,484;341,472;335,663;-0,09;-0,25;130,249;182,345;121;130,051;2480,87;2541,66
01/08/2005;74,54;327,887;339,695;333,474;-0,36;-0,49;132,854;147,583;126,871;133,439;2485,09;2541,66
01/09/2005;70,53;327,454;337,354;331,69;-0,56;-0,54;129,435;117,52;123,711;132,813;2493,79;2545,47
01/10/2005;73,14;329,529;338,98;333,694;0,25;0,61;129,724;94,894;126,626;133,134;2512,49;2560,23
01/11/2005;75,77;330,619;340,161;335,033;0,16;0,25;130,293;103,458;125,834;133,722;2526,31;2574,05
01/12/2005;78,29;330,835;340,368;335,006;0,06;-0,06;130,379;117,745;118,569;136,518;2535,4;2584,35
01/01/2006;77,96;333,222;343,219;338,083;0,4;0,82;125,767;126,404;113,52;130,149;2550,36;2594,17
01/02/2006;80,89;333,03;343,79;338,128;0,03;-0,01;124,27;169,395;107,299;128,258;2560,82;2600,14
01/03/2006;94,71;331,531;343,69;337,339;-0,09;-0,1;134,495;217,597;119,54;133,454;2571,83;2607,16
01/04/2006;85,29;331,607;341,467;335,921;-0,43;-0,5;129,608;191,271;112,926;132,124;2577,23;2610,29
01/05/2006;80,21;332,851;342,694;337,185;0,21;0,34;133,984;159,471;123,274;135,181;2579,81;2613,68
01/06/2006;76,24;335,067;344,655;339,712;0,27;0,56;132,81;162,168;119,869;135,324;2574,39;2611,85
01/07/2006;76,68;335,637;345,992;340,312;0,17;0,16;135,779;203,417;123,487;135,45;2579,28;2614,72
01/08/2006;77,35;337,011;346,91;341,574;0,16;0,21;138,803;165,455;130,313;139,038;2580,57;2614,2
01/09/2006;75,17;337,817;348,168;342,561;0,21;0,21;135,592;128,295;127,234;139,1;2585,99;2618,38
01/10/2006;77,82;340,541;348,903;344,155;0,19;0,24;137,043;108,347;133,999;139,224;2594,52;2629,64
01/11/2006;78,57;342,482;352,472;346,746;0,71;0,75;137,354;110,774;131,667;140,593;2602,56;2640,68
01/12/2006;81,51;343,384;354,142;347,842;0,18;0,28;134,719;129,405;120,542;141,57;2615,05;2657,05
01/01/2007;82,77;344,85;355,518;349,593;0,32;0,44;132,566;133,181;117,941;137,857;2626,56;2670,07
01/02/2007;86,15;345,652;356,507;350,524;0,11;0,13;130,36;176,965;110,937;135,219;2638,12;2681,28
01/03/2007;100,37;346,407;357,869;351,717;0,19;0,24;141,582;223,064;125,541;141,033;2647,88;2693,08
01/04/2007;92,56;346,878;358,501;351,869;-0,16;0;137,864;194,925;122,37;139,81;2654,5;2700,08
01/05/2007;85,41;347,421;358,816;352,02;-0,19;-0,03;142,6;158,787;133,387;143,437;2661,93;2707,1
01/06/2007;80,51;348,328;359,357;352,936;0,31;0,26;141,851;162,269;131,464;143,504;2669,38;2715,49
01/07/2007;81,48;349,628;360,138;353,92;0,15;0,19;144,618;216,108;134,27;143,56;2675,79;2724,18
01/08/2007;81,83;354,495;362,449;357,404;0,27;0,59;147,059;171,457;139,999;146,421;2688,37;2740,25
01/09/2007;78,15;358,633;367,784;361,997;0,8;1,05;142,576;132,866;133,256;145,833;2693,21;2747,1
01/10/2007;83,92;361,308;371,706;365,794;0,84;0,86;147,762;112,109;142,439;149,378;2701,29;2755,34
01/11/2007;85,14;365,1;374,33;368,334;0,34;0,48;145,672;117,036;136,182;149,04;2711,55;2767,19
01/12/2007;86,69;370,485;380,273;374,815;1,09;1,54;142,847;134,016;126,728;149,312;2731,62;2794,03
01/01/2008;86,15;374,139;384,165;378,9;0,67;0,93;141,598;130,735;128,674;145,221;2746,37;2813,31
01/02/2008;90,27;375,558;387,221;380,906;0,42;0,46;140,538;188,051;122,343;143,514;2759,83;2826,81
01/03/2008;101,66;378,194;389,591;383,731;0,34;0,78;147,279;239,809;128,717;147,272;2773,08;2841,23
01/04/2008;96,89;382,414;391,325;386,38;0,33;0,37;148,504;220,521;131,963;148,541;2788,33;2859,41
01/05/2008;87,03;389,585;397,258;392,592;1,36;1,54;149,751;175,465;137,146;150,95;2810,36;2886,86
01/06/2008;85,4;396,954;405,029;400,382;1,97;1,83;150,819;177,072;138,391;151,934;2831,16;2913,13
01/07/2008;85,96;401,406;413,135;407,446;1,55;1,79;156,19;225,288;145,23;153,424;2846,16;2930,03
01/08/2008;84,23;399,87;414,722;406,127;-0,01;-0,12;154,649;180,247;144,624;154,564;2854,13;2936,18
01/09/2008;84,7;401,327;412,973;406,557;0;0,04;153,728;140,996;145,252;154,884;2861,55;2940,58
01/10/2008;86,5;405,707;416,194;410,524;0,55;0,86;154,094;116,623;147,936;155,202;2874,43;2955,28
01/11/2008;84,54;405,982;419,23;412,104;0,8;0,49;146,326;118,198;133,021;150,979;2884,78;2966,51
01/12/2008;84,97;404,185;419,338;411,575;0,14;0,05;140,347;131,316;114,946;151,104;2892,86;2975,11
01/01/2009;83,55;404,244;415,772;409,782;-0,31;-0,58;135,89;126,571;111,534;145,346;2906,74;2994,15
01/02/2009;87,82;403,737;418,021;410,849;0,42;0,45;135,504;182,02;106,264;144,335;2922,73;3003,43
01/03/2009;106,68;400,353;416,729;407,808;-0,45;-0,36;147,602;242,172;120,94;150,616;2928,57;3009,44
01/04/2009;97,89;400,53;413,78;407,181;-0,53;-0,33;144,648;218,536;119,347;149,016;2942,63;3025,99
01/05/2009;86,15;401,232;414,47;406,885;-0,52;-0,14;146,965;161,981;127,21;152,341;2956,46;3044,15
01/06/2009;84,45;399,966;414,33;406,486;0,29;0,07;147,567;160,957;128,469;153,17;2967,1;3056,93
01/07/2009;85,13;397,393;412,883;404,718;-0,23;-0,27;152,298;198,232;135,065;154,111;2974,22;3063,96
01/08/2009;83,95;397,758;410,402;403,253;-0,68;-0,46;153,514;170,878;137,159;156,704;2978,68;3066,41
01/09/2009;83,72;398,738;411,843;404,945;0,28;0,41;153,354;136,435;137,832;158,59;2985,83;3071,32
01/10/2009;87,32;398,575;412,274;405,129;0,1;0,04;156,28;116,21;145,333;159,84;2994,19;3078,69
01/11/2009;87,37;398,857;412,558;405,548;-0,1;0,09;154,955;118,42;139,982;160,379;3006,47;3090,08
01/12/2009;92,29;398,407;412,275;404,499;-0,16;-0,18;153,001;135,685;133,014;160,504;3017,59;3097,5
01/01/2010;88,64;402,425;413,098;407,049;0,27;0,51;148,127;130,339;128,98;154,342;3040,22;3124,76
01/02/2010;92,99;406,826;417,55;411,843;0,98;1,1;147,267;194,28;121,981;152,333;3063,93;3146,63
01/03/2010;114,18;409,399;422,158;415,734;0,95;0,91;162,189;263,979;139,633;160,979;3079,86;3168,97
01/04/2010;103,92;412,341;424,824;418,917;0,27;0,5;158,543;245,751;137,315;158,865;3097,42;3192,1
01/05/2010;91,13;418,811;429,553;423,885;0,47;0,95;159,588;175,603;144,236;161,719;3110,74;3205,83
01/06/2010;89,52;420,241;435,151;427,489;2,21;1,06;158,458;174,563;142,207;161,332;3110,74;3202,3
01/07/2010;91,01;421,154;435,363;428,15;0,14;0,03;163,384;213,908;147,255;163,376;3111,05;3200,06
01/08/2010;89,52;425,788;437,365;431,445;0,42;0,55;164,408;177,217;149,179;166,071;3112,29;3197,82
01/09/2010;86,68;430,453;442,255;436,423;0,99;1,03;163,088;142,42;147,73;166,83;3126,29;3215,09
01/10/2010;89,39;434,882;447,351;440,829;0,75;0,89;164,131;117,139;151,531;167,886;3149,74;3244,67
01/11/2010;94,03;441,754;452,551;447,206;0,79;1,2;164,765;124,859;150,255;168,813;3175,88;3278,09
01/12/2010;95,58;443,427;458,304;450,301;0,83;0,75;161,751;139,842;139,195;169,479;3195,89;3297,76
01/01/2011;93,7;447,764;460,569;453,875;0,42;0,63;156,432;146,434;135,5;162,249;3222,42;3328,76
01/02/2011;99,98;452,047;465,308;458,397;0,66;0,88;157,886;205,922;133,01;161,635;3248,2;3346,74
01/03/2011;118,93;454,805;469,204;461,249;0,48;0,59;167,036;267,856;144,54;165,776;3273,86;3368,83
01/04/2011;107,54;457,059;471,813;463,311;0,55;0,55;163,062;237,804;140,328;164,567;3299,07;3393,09
01/05/2011;96,39;457,09;474,416;465,311;0,7;0,66;169,307;179,18;155,411;169,452;3314,58;3412,43
01/06/2011;92,96;456,49;473,355;464,463;-0,09;-0,21;166,622;183,242;149,725;168,857;3319,55;3419,94
01/07/2011;93,36;456,258;472,779;463,927;-0,21;-0,21;169,025;231,584;152,006;168,51;3324,86;3419,94
01/08/2011;94,07;459,055;473,729;465,968;0,22;0,33;171,096;189,467;157,278;170,769;3337,16;3434,3
01/09/2011;91,52;462,509;476,717;468,975;0,43;0,52;168,123;153,432;152,482;170,981;3354,85;3449,76
01/10/2011;94,34;464,349;479,771;471,466;0,45;0,5;168,219;130,354;154,153;171,252;3369,28;3460,8
01/11/2011;97,1;466,331;481,86;473,808;0,37;0,4;168,876;138,027;151,902;172,471;3386,8;3480,52
01/12/2011;100,02;465,586;482,752;473,252;0,04;-0,07;166,151;155,002;143,084;173,004;3403,73;3498,27
01/01/2012;94,06;466,979;483,119;474,429;-0,01;0,22;159,369;128,74;140,607;164,989;3422,79;3516,11
01/02/2012;95,62;467,308;483,307;474,138;-0,1;-0,11;158,826;185,401;136,051;162,756;3438,19;3529,82
01/03/2012;109,26;469,91;484,623;476,166;0,23;0,35;171,377;236,432;146,254;172,547;3445,41;3536,17
01/04/2012;100,55;474,683;488,013;480,229;0,5;0,71;164,633;218,842;138,939;167,749;3467,46;3558,81
01/05/2012;97,07;479,019;492,941;485,14;0,89;1;170,866;187,842;148,179;174,217;3479,94;3578,38
01/06/2012;93,85;482,311;496,536;488,342;0,68;0,63;168,414;192,582;144,147;173,013;3482,72;3587,67
01/07/2012;94,76;489,621;501,285;494,891;0,95;1,11;174,199;249,371;151,674;174,856;3497,7;3603,1
01/08/2012;97,71;495,949;509,247;501,957;1,21;1,38;177,679;200,862;158,799;178,674;3512,04;3619,31
01/09/2012;91,53;500,314;514,609;506,804;0,59;0,84;168,998;151,46;149,166;173,497;3532,06;3642,12
01/10/2012;97,33;498,739;516,779;506,926;0,31;0,15;174,648;129,588;155,699;178,397;3552,9;3667,97
01/11/2012;98,28;499,989;515,347;506,795;-0,19;-0,16;171,315;129,742;148,529;176,714;3574,22;3687,78
01/12/2012;97,26;503,283;518,573;510,252;0,5;0,69;169,778;139,069;138,585;180,739;3602,46;3715,07
01/01/2013;98,71;504,83;520,751;511,977;0,41;0,34;164,989;141,454;140,221;171,233;3633,44;3749,25
01/02/2013;103,78;505,832;522,26;513,467;0,41;0,34;162,731;227,523;132,354;167,492;3655,24;3768,75
01/03/2013;120,35;507,375;523,431;514,526;0,15;0,24;175,174;300,036;144,301;175,488;3672,42;3791,36
01/04/2013;115,97;507,087;524,361;515,276;0,42;0,28;177,52;283,593;149,453;177,258;3692,62;3813,73
01/05/2013;101,27;508,715;523,884;515,299;0,03;0,01;174,573;191,564;151,914;177,404;3706,28;3827,08
01/06/2013;97,41;512,598;527,188;519,153;0,43;0,74;172,088;184,973;149,085;176,257;3715,92;3837,8
01/07/2013;101,24;513,313;529,467;520,508;0,26;0,24;179,486;235,387;156,339;180,391;3717,03;3832,81
01/08/2013;101,37;515,688;530,252;521,27;0,13;0,11;179,964;196,634;160,753;181,163;3725,95;3838,94
01/09/2013;97,75;522,69;535,843;529,085;1,02;1,36;175,798;153,54;155,714;179,92;3738,99;3849,31
01/10/2013;103,99;525,966;541,77;533,621;0,85;0,91;180,291;132,787;161,766;183,632;3760,3;3872,79
01/11/2013;103,92;527,422;544,135;535,168;0,3;0,3;176,599;135,9;154,249;181,687;3780,61;3893,7
01/12/2013;100,8;531,056;546,506;538,37;0,32;0,54;171,893;146,305;138,532;183,451;3815,39;3921,74
01/01/2014;102,35;533,197;549,664;540,959;0,37;0,46;170,247;153,37;143,434;177,328;3836,37;3946,44
01/02/2014;109,42;537,703;551,329;543,038;0,22;0,24;171,555;242,788;141,969;174,212;3862,84;3971,7
01/03/2014;126,27;545,684;558,458;552,087;1,16;1,41;178,539;318,98;147,674;177,108;3898,38;4004,27
01/04/2014;116,73;548,145;565,095;556,42;0,72;0,83;176,968;293,011;144,653;177,938;3924,5;4035,5
01/05/2014;101,18;545,652;565,857;555,679;0,06;-0,04;176,092;184,826;149,58;180,868;3942,55;4059,71
01/06/2014;93,76;542,194;562,046;551,554;-0,64;-0,64;168,839;183,522;140,282;175,628;3958,32;4070,27
01/07/2014;97,45;539,21;558,873;548,202;-0,5;-0,51;178,293;235,061;150,443;181,465;3958,72;4075,56
01/08/2014;97,67;539,55;555,785;546,745;-0,31;-0,35;177,045;196,597;152,652;180,9;3968,62;4082,9
01/09/2014;97,8;539,649;557,503;547,839;0,26;0,31;176,491;160,067;152,919;181,221;3991,24;4102,9
01/10/2014;101,41;542,853;557,642;549,396;-0,07;0,13;180,199;133,193;158,399;184,78;4008;4118,49
01/11/2014;100,54;549,04;562,188;554,769;0,51;0,72;174,597;137,017;148,613;180,771;4028,44;4140,32
01/12/2014;101,2;551,149;567,72;558,213;0,63;0,65;172,779;156,279;136,996;184,198;4059,86;4165,99
01/01/2015;99,25;554,835;570,125;562,482;0,29;0,55;167,164;159,623;138,184;174,468;4110,2;4227,64
01/02/2015;105,28;557,803;572,596;564,004;0,09;0,16;165,176;260,229;132,19;169,172;4160,34;4276,69
01/03/2015;128,68;564,568;577,34;569,536;0,74;0,84;179,575;346,332;144,76;178,616;4215,26;4341,26
01/04/2015;115,76;569,738;584,654;576,175;1,03;1,16;172,149;311,859;136,854;174,321;4245,19;4372,08
01/05/2015;96,5;572,034;587,702;578,516;0,51;0,41;169,13;190,199;140,105;175,158;4276,6;4415,37
01/06/2015;92,03;575,938;591,034;582,401;0,47;0,59;166,318;189,01;136,857;173,106;4310,39;4449,36
01/07/2015;94,56;579,293;595,475;586,426;0,65;0,71;171,737;235,047;142,876;176,065;4337,11;4475,17
01/08/2015;92,71;581,618;597,481;588,042;0,1;0,17;170,212;195,819;145,583;174,935;4346,65;4486,36
01/09/2015;90,57;589,897;601,126;593,606;0,56;0,65;167,208;159,565;141,333;174,124;4370,12;4509,24
01/10/2015;93,39;600,269;612,453;604,832;1,64;1,86;170,285;135,059;146,078;176,945;4405,95;4543,96
01/11/2015;92,87;607,441;622,479;614,051;1,31;1,45;164,774;137,807;135,852;173,438;4450,45;4594,4
01/12/2015;94,75;610,128;627,53;617,044;0,44;0,5;163,396;153,533;125,101;177,117;4493,17;4635,75
01/01/2016;93,2;619,476;631,847;624,06;0,41;0,83;157,24;146,111;125,482;167,742;4550,23;4705,75
01/02/2016;101,43;624,366;641,613;632,114;1,23;1,24;159,053;243,118;125,407;165,505;4591,18;4750,45
01/03/2016;119,27;627,06;645,325;635,349;0,43;0,43;169,318;318,45;133,4;172,232;4610,92;4771,36
01/04/2016;109,1;629,345;647,932;637,434;0,31;0,3;165,415;289,926;129,97;170,352;4639,05;4801,89
01/05/2016;93,73;636,468;651,796;642,651;0,59;0,68;162,046;182,655;133,102;169,694;4675,23;4848,95
01/06/2016;91,52;646,868;661,042;653,496;1,12;1,33;163,798;181,821;134,603;171,309;4691,59;4871,74
01/07/2016;90,17;644,356;668,022;654,641;0,55;0,32;165,553;218,825;136,915;171,555;4715,99;4902,92
01/08/2016;92,27;647,153;666,217;655,602;0;0,09;167,307;190,027;141,232;173,374;4736,74;4918,12
01/09/2016;89;647,36;668,621;656,894;0,38;0,27;163,802;155,482;136,877;171,66;4740,53;4922,05
01/10/2016;91,34;648,213;669,418;657,927;-0,01;0,16;163,671;130,855;136,734;172,166;4752,86;4930,42
01/11/2016;92,77;648,561;669,82;657,752;-0,11;0,02;163,098;136,357;133,058;172,266;4761,42;4933,87
01/12/2016;93,27;653,951;671,15;661,304;0,2;0,41;160,416;151,205;122,931;173,021;4775,7;4940,78
01/01/2017;94,86;656,778;677,037;665,542;0,86;0,76;156,766;168,642;123,117;166,47;4793,85;4961,53
01/02/2017;105,28;657,191;677,983;666,099;0,1;0,02;158,367;295,468;120,428;162,636;4809,67;4973,44
01/03/2017;127,27;654,709;678,33;666,197;0,25;0,08;171,848;387,814;133,326;170,182;4821,69;4989,36
01/04/2017;111,49;646,573;673,156;658,898;-0,74;-0,99;163,624;341,178;122,595;166,703;4828,44;4993,35
01/05/2017;96,33;643,26;665,725;652,758;-0,89;-0,89;166,656;213,564;133,917;173,55;4843,41;5011,33
01/06/2017;91,81;637,079;661,572;648,409;-0,51;-0,61;164,848;204,966;132,104;172,553;4832,27;4996,3
01/07/2017;91,82;635,198;656,046;643,766;-0,95;-0,71;168,772;250,004;135,382;174,245;4843,87;5004,79
01/08/2017;92,68;636,714;654,963;644,383;-0,03;0,03;170,471;212,143;141,285;176,104;4853,07;5003,29
01/09/2017;89,03;640,654;657,528;647,4;0,34;0,41;165,568;161,065;136,839;173,918;4860,83;5002,29
01/10/2017;91,72;641,279;660,771;648,672;0,32;0,3;167,67;135,87;140,635;176,01;4881,25;5020,8
01/11/2017;93,63;646,422;662,375;652,073;-0,02;0,37;166,734;140,535;136,692;176,049;4894,92;5029,84
01/12/2017;96,92;651,214;668,323;657,859;0,73;0,88;165,331;165,432;125,429;178,157;4916,46;5042,92
01/01/2018;96,08;654,968;673,597;662,826;0,75;0,82;162,116;170,823;127,675;171,191;4930,72;5054,52
01/02/2018;102,27;655,975;675,15;663,311;0,16;0,03;161,009;285,092;121,522;166,956;4946,5;5063,62
01/03/2018;120,5;659,665;678,196;667,524;0,6;0,59;173,133;373,437;132,658;174,697;4950,95;5067,16
01/04/2018;112,05;665,77;681,977;671,327;0,18;0,4;171,232;344,901;131,711;174,402;4961,84;5077,8
01/05/2018;93,26;676,695;689,554;680,579;1,12;1,2;163,374;206,913;127,222;172,525;4981,69;5099,63
01/06/2018;94,28;686,696;702,369;693,287;1,5;1,75;168,529;213,951;134,22;176,225;5044,46;5172,55
01/07/2018;95,84;689,746;708,914;696,8;0,41;0,53;172,563;264,895;139,268;177,393;5061,11;5185,48
01/08/2018;98,32;694,414;712,494;701,677;0,7;0,67;174,944;216,789;143,568;180,943;5056,56;5185,48
01/09/2018;93,49;706,834;721,077;712,373;0,79;1,34;167,686;171,428;134,847;176,809;5080,83;5201,04
01/10/2018;98,21;708,694;731,423;718,684;1,06;0,97;172,32;149,87;142,437;180,07;5103,69;5221,84
01/11/2018;98,82;700,601;730,269;715,166;-0,11;-0,35;169,943;150,127;135,726;179,467;5092,97;5208,79
01/12/2018;97,23;697,446;721,279;707,441;-1,16;-1,15;165,242;163,439;122,236;179,033;5100,61;5216,08
01/01/2019;98,63;697,923;719,415;707,488;0,03;-0,01;164,267;164,067;126,752;174,858;5116,93;5234,86
01/02/2019;107,45;706,66;722,292;713,747;0,2;0,55;165,877;290,765;123,445;172,296;5138,93;5263,13
01/03/2019;122,57;714,243;732,383;722,707;0,71;1,06;170,587;378,621;126,003;173,961;5177,47;5303,66
01/04/2019;116,09;720,695;739,691;729,346;0,62;0,78;171,295;352,903;127,637;175,523;5206,98;5335,48
01/05/2019;99,55;723,577;744,869;732,595;0,58;0,58;171,419;209,053;135,614;178,894;5213,75;5343,48
01/06/2019;93,92;728,142;748,534;738,421;0,73;0,75;166,32;209,886;128,448;175,504;5214,27;5344,01
01/07/2019;96,56;728,084;753,087;741,346;0,4;0,53;175,076;275,594;137,265;180,5;5224,18;5349,35
01/08/2019;95,83;724,395;749,552;736,402;-0,65;-0,68;174,464;214,42;140,8;180,627;5229,93;5355,77
01/09/2019;92,76;728,04;747,406;736,362;-0,6;-0,28;171,37;169,263;136,639;180,378;5227,84;5353,09
01/10/2019;97,86;732,041;753,153;741,333;0,68;0,85;176,389;149,504;143,247;184,258;5233,07;5355,23
01/11/2019;98,26;738,264;754,621;743,558;0,08;-0,01;171,464;148,759;134,597;181,511;5259,76;5384,15
01/12/2019;97,07;751,121;767,394;759,112;1,83;2,06;168,248;160,086;121,969;183,303;5320,25;5449,84
01/01/2020;96,9;751,82;775,581;762,733;0,67;0,57;165,468;170,652;124,818;176,516;5331,42;5460,19
01/02/2020;101,15;751,91;775,683;762,423;0;0;166,43;312,766;122,753;172,382;5344,75;5469,47
01/03/2020;109,44;764,276;780,662;771,908;0,15;0,99;170,906;409,446;124,053;173,874;5348,49;5479,32
01/04/2020;91,91;764,656;789,501;778,101;1,05;1;149,572;372,827;104,542;155,327;5331,91;5466,72
01/05/2020;85,42;772,843;790,079;780,28;-0,32;0,01;150,464;219,762;114,029;158,223;5311,65;5453,05
01/06/2020;86,13;785,221;802,295;792,429;1,36;1,48;157,393;221,544;121,61;164,685;5325,46;5469,41
01/07/2020;90,09;803,584;817,62;810,083;1,18;2,02;167,341;282,519;135,747;169,831;5344,63;5493,48
01/08/2020;90,85;834,713;838,311;832,313;1,46;2,34;167,492;215,503;138,761;172,308;5357,46;5513,26
01/09/2020;91,3;862,259;874,658;868,442;4,41;4,57;170,264;172,529;140,383;177,253;5391,75;5561,23
01/10/2020;95,86;893,977;902,681;896,505;1,97;2,92;172,301;147,511;143,809;178,371;5438,12;5610,72
01/11/2020;96,66;917,538;934,342;925,887;2,67;3,05;171,005;148,968;135,329;179,797;5486,52;5664,02
01/12/2020;97,17;924,504;952,789;934,758;1,28;1,18;171,072;162,565;129,57;182,988;5560,59;5746,71
01/01/2021;95,7;951,395;965,507;958,844;1,89;2,37;164,255;168,905;130,99;172,713;5574,49;5762,23
01/02/2021;107,07;977,133;994,203;983,063;1,92;2,29;168,365;329,19;127,136;171,37;5622,43;5809,48
01/03/2021;125,21;998,344;1023,946;1011,948;1,95;2,98;178,982;430,193;136,623;176,026;5674,72;5859,44
01/04/2021;116,57;1020,495;1040,098;1027,211;0,5;1,17;172,062;388,049;131,047;172,336;5692,31;5881,71
01/05/2021;96,65;1055,167;1073,762;1069,289;2,68;3,83;171,177;206,942;137,378;178,367;5739,56;5938,17
01/06/2021;93,27;1056,343;1098,656;1075,733;1,24;1,27;170,896;203,859;135,506;179,17;5769,98;5973,8
01/07/2021;95,15;1071,615;1100,617;1084,095;-0,04;0,72;176,399;248,118;140,349;182,342;5825,37;6034,73
01/08/2021;94,79;1070,147;1113,599;1091,29;1,06;0,96;176,347;208,472;141,914;183,85;5876,05;6087,84
01/09/2021;92,41;1064,31;1109,447;1084,312;-1,09;-0,58;173,63;168,254;138,539;183,155;5944,21;6160,89
01/10/2021;97,66;1081,301;1106,04;1091,283;-0,91;-0,03;172,51;149,939;135,151;183,25;6018,51;6232,36
01/11/2021;101,53;1075,022;1119,194;1091,483;1,57;0,76;174,488;163,568;131,598;187,164;6075,69;6284,71
01/12/2021;98,87;1088,489;1117,636;1100,988;-0,22;0,43;174,882;171,201;126,485;190,827;6120,04;6330,59
01/01/2022;92,92;1110,398;1137,594;1120,999;1,41;1,95;164,412;161,909;125,26;177,704;6153,09;6373
01/02/2022;101,65;1127,077;1160,111;1141,546;1,38;1,94;171,088;308,61;124,588;177,974;6215,24;6436,73
01/03/2022;124,32;1153,777;1173,787;1161,418;0;0,9;183,64;396,157;135,817;183,929;6315,93;6546,8
01/04/2022;110,86;1158,546;1202,871;1177,809;1,88;1,85;178,233;356,509;132,403;181,249;6382,88;6614,89
01/05/2022;95,97;1166,542;1204,02;1183,953;0,23;0,39;177,811;216,775;138,878;187,082;6412,88;6644,66
01/06/2022;93,21;1173,831;1212,941;1190,882;0,39;0,55;176,31;218,213;137,012;186,608;6455,85;6685,86
01/07/2022;93,81;1169,426;1220,204;1193,337;0,28;0,52;183,66;284,866;142,692;189,955;6411,95;6645,74
01/08/2022;95,48;1162,956;1211,822;1185,004;-0,88;-0,57;185,116;222,09;146,833;193,921;6388,87;6625,14
01/09/2022;93,78;1148,811;1200,867;1173,793;-0,8;-0,91;180,349;173,014;142,385;192,775;6370,34;6603,94
01/10/2022;97,66;1141,733;1188,356;1162,391;-1,01;-0,83;179,926;147,246;143,208;192,884;6407,93;6634,98
01/11/2022;102,76;1139,734;1181,316;1155,829;-0,6;-0,55;178,617;158,065;137,714;192,726;6434,2;6660,19
01/12/2022;97,56;1143,225;1185,562;1161,006;0,35;0,77;177,396;161,306;130,452;195,732;6474,09;6706,15
01/01/2023;96,95;1143,861;1186,132;1163,465;0,32;0,35;171,59;187,754;128,873;184,79;6508,4;6737
01/02/2023;104,43;1144,271;1186,377;1162,761;-0,23;0,04;176,212;386,537;124,647;180,992;6563,07;6788,87
01/03/2023;125,66;1140,357;1186,932;1163,359;-0,2;0,11;194,409;502,973;138,292;192,515;6609,67;6832,32
01/04/2023;114,47;1128,805;1180,052;1152,307;-0,9;-0,66;184,049;449,212;129,928;186,202;6649,99;6868,53
01/05/2023;100,04;1102,506;1161,996;1131,058;-1,13;-1,5;185,279;263,693;142,319;193,108;6665,28;6893,26
01/06/2023;96,29;1086,474;1136,43;1109,23;-1,95;-1,78;183,524;257,276;139,854;193,25;6659,95;6886,37
01/07/2023;95,64;1082,105;1123,941;1101,204;-1,29;-0,72;188,466;327,775;143,674;194,423;6667,94;6880,17
01/08/2023;99,02;1082,593;1122,493;1099,71;-0,81;-0,06;189,864;239,837;148,652;198,848;6683,28;6893,93
01/09/2023;93,49;1087,419;1124,559;1103,74;-0,5;0,34;183,727;177,687;144,609;196,567;6700,66;6901,51
01/10/2023;98,08;1092,974;1130,39;1109,236;-0,3;0,64;183,288;148,89;146,775;195,989;6716,74;6909,79
01/11/2023;99,32;1098,48;1136,254;1115,815;-0,27;0,61;183,665;157,248;142,716;197,98;6735,55;6916,7
01/12/2023;97,18;1105,541;1143,351;1124,072;-0,26;0,78;181,745;163,033;134,382;200,436;6773,27;6954,74
01/01/2024;99,41;1102,571;1148,173;1124,879;-0,67;0,33;179,651;191,644;133,992;193,545;6801,72;6994,38
01/02/2024;113,45;1098,095;1140,764;1119,061;-0,44;-0,49;182,683;359,06;132,135;188,758;6858,17;7051,03
01/03/2024;131,05;1094,763;1138,811;1113,837;-0,54;-0,31;193,756;467,202;137,509;195,787;6869,14;7064,43
01/04/2024;123,33;1102,66;1135,05;1117,28;-0,25;-0,12;193,906;428,367;140,883;196,607;6895,24;7090,57
01/05/2024;94,47;1112,26;1147,255;1127,233;0,75;0,73;187,812;256,565;143,512;197,114;6926,96;7123,19
01/06/2024;98,44;1117,787;1156,82;1136,409;0,8;0,88;189,568;252,876;144,257;199,482;6941,51;7141
01/07/2024;102,27;1127,101;1161,97;1143,313;0,15;0,4;197,615;320,687;150,853;204,096;6967,89;7159,57
01/08/2024;101,17;1128,408;1170,281;1146,575;0,33;0,45;195,445;238,267;152,304;205,152;6966,5;7149,55
01/09/2024;98,35;1139,981;1172,336;1153,718;0,18;0,47;191,747;180,315;149,39;204,746;6997,15;7183,87
01/10/2024;104,69;1157,516;1188,011;1171,272;0,94;1,37;193,855;146,248;154,108;206,411;7036,33;7227,69
01/11/2024;103,68;1171,21;1205,182;1186,462;0,99;1,11;188,834;150,47;145,311;203,498;7063,77;7251,54
01/12/2024;101,15;1181,407;1218,979;1197,562;0,83;0,99;185,853;165,568;135,019;204,833;7100,5;7286,35
01/01/2025;104,59;1182,693;1225,422;1200,775;0,33;0,17;183,06;205,105;136,245;196,315;7111,86;7286,35
01/02/2025;110,51;1194,518;1236,064;1213,514;0,39;0,92;188,771;389,339;134,761;194,503;7205,03;7394,19
01/03/2025;127,63;1188,55;1236,591;1209,432;0,29;-0,28;200,122;526,987;142,326;199,377;7245,38;7431,9
01/04/2025;116,89;1192,079;1233,872;1212,296;0,05;-0,04;197,004;480,287;141,104;198,563;7276,54;7467,57
01/05/2025;104,06;1181,945;1233,8;1206,378;0,18;-0,32;194,491;279,147;147,636;203,454;7295,46;7493,71
01/06/2025;99,13;1160,613;1221,804;1186,259;-0,74;-0,97;192,453;272,665;144,449;202,874;7312,97;7510,95
01/07/2025;102,98;1159,851;1201,676;1177,168;-1,04;-0,89;200,935;333,963;151,9;207,577;7331,98;7526,72
01/08/2025;;1162,219;1203,55;1181,369;0,38;0,27;;;;;7323,91;7510,91
01/09/2025;;;1206,052;1186,283;0,32;0,26;;;;;;
