date;prod_auto_br;prod_lev_br;prod_cam_br;prod_onib_br;pmoed_pub_bcb;bm_rest_bcb;m1_bcb;m2_bcb;pmoed_circ_bcb;BM_resb_bcb;iee_fgv;ice_fgv;indboig_cepeaesalq_arr;medp_boig_sp_cepea;soja_R$_cepea_60kgpar;soja_US$_cepea_60kgpar;pim_bk_ibge;pim_bint_ibge;pim_bcons_ibge;pim_bconsdur_ibge;pim_bconsndursemi_ibge;pim_indextr_ibge;pim_indtrans_ibge;selic_copom;pmc_abr_ibge;pmc_ars_ibge;CRB_total_reuters
dez/01;86838;13142;3766;778;32584045;44930680;72680704;314085223;37668836;15587135;105,4;95,3;46,12;46,97;27,19;11,49;;;;;;;;19;50,13812;56,32473;123,13
jan/02;98106;12088;4826;1810;27239411;46278581;74302356;315295459;32388231;17334600;111,4;97,6;45,62;46,42;25,15;10,56;64,08685;94,21401;93,34677;84,02439;95,4342;74,82511;91,81504;19;50,33329;55,33297;121,34
fev/02;96240;12360;5345;2055;26732167;45950179;74350320;317613373;32102817;15788389;94,4;98,1;45,72;46,49;22,39;9,26;66,68525;96,11004;95,74495;89,80367;96,9192;76,76726;94,26537;18,75;50,25021;56,17704;125,72
mar/02;120508;14913;6350;2116;27191413;49353891;76080220;329184301;32547930;16306755;103;98,4;44,7;45,46;21,22;9,05;66,11239;95,35206;96,28296;91,21562;97,29712;77,79967;93,30446;18,5;50,47048;55,20418;139,73
abr/02;127025;16084;6792;2433;26006602;48707081;79167390;331606021;31178230;15567366;95;99,1;42,47;43,2;22,44;9,66;66,09741;95,74342;95,53066;94,28864;95,84475;77,8272;93,52027;18,5;50,27485;56,0591;139,46
mai/02;121122;14784;6443;2177;26996297;53072302;79079233;330389063;32930327;18582861;104,5;98,9;42,17;42,86;25,42;10,23;64,03225;96,03746;94,29084;90,24306;95,2406;76,53364;93,42659;18,5;50,44634;55,26507;138,98
jun/02;108729;14248;5536;1945;28281540;53917780;84166936;347917816;33899629;16792917;103,8;98,5;42,45;43,15;29,36;10,79;65,00354;97,14806;94,2617;90,29197;95,02217;78,62315;93,79276;18,5;49,5426;55,77032;142,05
jul/02;111633;14071;5938;1598;28880966;54327989;88302139;360108940;34679951;17752576;107,8;98,2;43,95;44,69;33,01;11,23;65,15663;96,35193;95,72303;88,92218;97,26703;78,83163;94,06585;18;50,11683;55,67279;142,72
ago/02;107017;12709;5581;1866;30785260;56369801;90969754;372451926;36396984;18588487;126,3;98,4;49,22;50,03;36,15;11,65;60,68409;95,41848;94,64997;82,86597;96,84483;77,60158;93,39239;18;50,51954;56,62726;149,41
set/02;118624;15133;5353;1786;31449398;62609614;91675072;379010436;37819862;22949839;118,3;98,6;49,96;50,84;41,65;12,45;63,9907;96,8613;94,48437;91,49804;95,4701;77,84655;93,59541;18;49,93152;55,39355;154,15
out/02;135135;14634;5856;1602;33073425;62625137;93888095;385346720;39188893;21451238;132,1;99;53,63;54,63;46,46;12,23;61,93496;97,13248;97,40691;92,27777;97,52355;78,87386;94,04399;21;50,35378;54,94661;153,12
nov/02;126985;14291;6262;1422;34709343;60564871;93585955;386967538;41071902;19487037;127,7;98,7;57,8;58,93;46,94;13,11;63,29005;98,01294;95,04783;93,70417;95,5949;78,74641;94,01425;22;49,21036;54,84042;154,48
dez/02;105095;12452;4072;640;42281023;63693928;94087592;387904900;49931066;23371206;125;98,3;57,59;58,77;48,91;13,42;63,18438;97,5373;93,97176;92,4732;94,18738;75,81785;93,88607;25;48,21799;53,39349;164,44
jan/03;112667;11493;6266;1782;36950119;60451860;92692788;388983702;43639339;20730918;118,4;97,3;57,03;58,28;43,1;12,56;63,74461;98,06925;93,42763;92,59557;93,8773;81,91097;93,66295;25,5;47,77319;52,96018;178,34
fev/03;119461;13002;6838;1828;36187874;65764503;91974115;393386011;43663530;23830903;112,4;96,5;56,92;58,2;42,79;11,91;62,74499;98,69564;91,4641;85,66082;92,40035;82,2178;93,41663;26,5;48,46259;53,08024;188,12
mar/03;106398;12468;6763;1857;33135343;67063730;91084272;391330605;39909573;26122882;108,8;95;56,38;57,69;39,71;11,54;63,87752;98,43589;91,62032;89,02204;92,28779;81,90606;93,39848;26,5;47,10044;52,61908;173,26
abr/03;110405;12248;6111;2019;32455460;70608059;90537788;391179180;39047731;29181057;98,9;94,1;55,08;56,34;37,2;11,96;62,91724;98,29062;91,81678;87,12309;92,71134;81,44923;92,96795;26,5;47,16963;52,05229;169,79
mai/03;119575;13816;6320;2146;32518855;67065375;89781191;391269812;38816444;26297150;113,6;92,1;52,02;53,22;37,18;12,54;60,36231;96,68218;90,61022;83,65819;91,99714;81,25472;91,59807;26,5;46,85851;53,28364;177,32
jun/03;104690;11894;5874;2053;31923287;66897434;91123948;390095023;38798575;25039366;103,6;89,8;52,69;53,9;36,9;12,81;62,48173;96,10572;91,41394;87,25315;92,70549;76,78645;92,29472;26;47,12016;53,75807;177,67
jul/03;110194;12522;6228;1986;32442835;69744219;90477431;391750852;39231301;28609905;111,4;87,1;54,88;56,09;35,64;12,37;62,29971;95,73266;90,13811;84,60439;91,33326;79,46699;91,32329;24,5;47,67611;53,59009;179,98
ago/03;110124;11651;6531;2047;33249694;59694098;90108477;390733441;39812705;18617315;105,9;93;57,09;58,25;36,55;12,18;64,19024;96,4402;91,06018;86,42426;91,62274;81,83585;92,53787;22;48,09146;53,57865;187,84
set/03;134193;12951;6518;2239;32474440;58199791;89262471;391484588;39155681;16954428;94,5;98,9;59,02;60,16;39,76;13,61;67,45848;100,33326;93,42127;92,92751;93,65269;81,59604;95,35354;20;48,31898;53,72743;185,27
out/03;136755;14820;6932;2716;33326398;59990328;90885346;389883898;40139626;17570812;98,6;104,9;59,26;60,33;45,82;16,03;70,9678;99,90959;94,33341;95,74183;93,24369;81,4817;95,76594;19;48,73826;53,88076;190,9
nov/03;136884;14086;7916;2642;35229376;62343269;93935725;399528992;42691722;19725645;96,9;104,6;60,34;61,39;48,1;16,51;79,11413;99,73472;95,91605;103,81095;94,33461;82,48379;97,01156;17,5;49,68084;54,27922;216,46
dez/03;126924;13230;5488;1164;42992662;62195938;96799140;403124779;51363863;21855273;92,8;104,4;60,1;61,15;46,48;15,88;68,83952;99,64787;94,42784;101,82105;92,36817;81,83979;95,43337;16,5;49,32353;54,86349;204,25
jan/04;128789;13591;6245;1376;38282671;64567153;98722395;406356811;46063907;22835861;94,5;103,5;60,17;61,14;46,29;16,24;73,84137;100,90785;96,74833;105,75997;94,93355;81,0183;97,48872;16,5;50,06422;54,80907;209,57
fev/04;124786;15053;7181;1746;37618176;67660620;101887723;412134030;46011386;22857607;90;104,7;58,59;59,54;45,23;15,46;74,58208;102,30097;97,4864;106,01149;95,17288;82,61833;98,84714;16,5;50,84968;55,32491;225,34
mar/04;156846;17303;9212;2148;36125291;64562056;102868175;416538559;44481983;18640645;98,2;105,4;58,02;58,99;51,11;17,59;75,05483;103,3243;96,68546;101,80633;95,25677;81,55205;99,33761;16,25;51,27256;56,30229;229,25
abr/04;136934;15715;8611;2115;36863148;68242891;105564362;422106680;45160663;20452320;101,9;105,9;58,11;59,16;51,81;17,83;78,74377;103,74804;97,51329;105,67447;95,81407;82,35188;100,3649;16;51,73687;56,32604;227,72
mai/04;143875;17014;9116;2375;37234567;69335159;106909590;433361728;46024983;20797170;94,7;109,6;59,43;60,52;49,21;15,87;81,57999;104,75827;98,41212;107,22849;96,24505;79,43122;101,4102;16;52,40018;56,96203;237,52
jun/04;151136;17182;8928;2439;37829098;70739018;107398233;440100854;46645619;21346651;93,6;112,9;60,49;61,73;45,04;14,4;80,34239;104,6441;99,56966;110,11076;96,92959;83,98613;101,4652;16;52,62011;57,13285;225,56
jul/04;150258;17711;9351;2575;39488556;74958710;108859376;446567947;48228562;24881866;94,6;116,4;60,33;61,46;40,44;13,31;82,01984;105,847;99,26154;113,03819;96,17706;84,45833;102,4016;16;52,79905;58,22258;235,07
ago/04;161981;19093;9686;2144;39046661;73689524;110769923;452723482;48064055;24137229;91,8;115;61,58;62,58;39,13;13,05;81,84618;106,35057;100,53566;114,15382;97,13279;88,4925;103,1665;16;52,29919;58,33759;234,65
set/04;161712;21214;9698;2111;40367978;73203517;112953098;456927571;49826634;21128627;93,6;114,2;60;61,06;37,82;13,08;79,21621;106,87559;102,59061;117,40019;99,42605;86,75472;103,7885;16,25;52,46902;57,80651;249,25
out/04;149862;21367;9110;2242;41498381;74256023;113807316;464328042;50770633;20901849;89,5;113,2;59,64;60,65;34,47;12,08;80,84957;106,57764;100,78058;112,9656;97,21072;87,45572;103,1068;16,75;53,02712;58,49143;252,07
nov/04;160529;21260;9557;2474;42094944;74624703;113380069;470335377;52152496;22945105;91,9;113,2;61,74;62,81;33,75;12,11;79,51459;105,80316;102,29014;111,46008;100,46829;86,67879;103,1151;17,25;53,12057;58,53004;252,76
dez/04;150934;20232;8097;1263;51942749;76026614;112030745;479349339;61935635;26797042;89,8;111,6;61,18;62,24;32,63;11,99;78,80951;106,22336;105,34452;116,26167;102,24016;87,37806;103,6805;17,75;54,53055;59,98865;249,85
jan/05;129739;15914;8019;1861;45276520;79038151;117537302;488836254;55647160;27824175;93,1;109,7;59,56;60,62;32,84;12,2;82,3705;105,44331;107,04256;111,81552;106,40715;86,78166;104,4038;18,25;53,594;58,02247;248,08
fev/05;149317;17356;8116;1971;43828891;78566153;118036615;493662013;54393943;24721938;90,8;107,4;58,23;59,29;29,53;11,36;78,70967;104,51973;103,54132;117,56555;99,84946;87,94125;102,8864;18,75;53,40747;58,02667;265,33
mar/05;180083;19138;10200;2523;42784832;80044134;120437634;506669340;53295041;24981400;91,4;104,7;57,18;58,28;35,12;12,98;81,11227;104,93066;105,62486;119,12532;102,0619;87,99331;103,7835;19,25;53,9705;57,21428;275,74
abr/05;166151;19123;9755;2578;43102057;80800796;119514117;511305892;53174650;24617324;98,3;102,3;55,4;56,48;32,88;12,75;79,64746;105,37443;105,75624;118,43529;102,71117;93,30445;103,4876;19,5;54,07273;56,40716;259,34
mai/05;173971;20756;9888;2754;42443495;82977424;121628087;510331528;53034047;26697117;99,6;101,4;54,23;55,25;31,47;12,84;87,40356;108,19031;109,59174;124,52524;106,30649;94,77717;107,0493;19,75;54,33167;55,87368;255,96
jun/05;177562;22381;10480;3344;43504601;80745769;122682351;516411701;53931040;24563135;100,4;100;53,78;54,84;33,08;13,71;83,18088;106,69884;106,68891;120,85899;103,05607;96,64681;104,649;19,75;55,14935;56,09406;263,56
jul/05;166328;22395;8409;2827;44870424;82337075;122729162;521840091;55627479;24656097;99,8;98,3;52,61;53,61;32,87;13,84;81,07367;105,20585;107,7393;125,18198;103,70656;94,74586;104,0948;19,75;55,85505;57,43105;274,81
ago/05;176427;21772;9613;3149;44150933;81509312;122793032;528003756;55037412;24782642;99,3;98,5;51,3;52,26;31,62;13,4;80,76815;105,42598;107,15779;120,5469;104,00735;94,16773;104,2592;19,75;55,4089;55,05989;291,06
set/05;164582;20932;10963;2378;45680939;82073265;124648103;535677487;56352150;23753421;95,4;99,1;50,02;51,07;29,75;12,97;83,67055;105,71733;102,86293;112,1258;100,92415;96,66332;103,5776;19,5;55,1501;55,07095;295,06
out/05;153363;17514;9931;2154;45137713;82508359;123701968;538483513;57231946;22655016;92,3;99,3;55,47;56,5;28,9;12,81;81,26241;105,33748;102,59745;113,65937;99,71468;96,29575;103,0829;19;55,48711;54,51633;281,17
nov/05;173545;20971;10089;2289;47137388;84807389;126343010;543807041;59440290;26074980;97,4;97,8;56,01;57,09;28,17;12,74;82,22005;105,76551;105,63698;121,84543;101,9384;96,02084;103,8793;18,5;55,69564;55,87204;280,29
dez/05;168477;17088;7458;1538;58179315;86981546;127065977;562740762;70033641;31213594;89,4;100,3;51,74;52,69;29,66;12,99;84,4435;106,50486;111,7272;132,85157;105,86852;94,44137;106,0562;18;56,79959;56,00884;296,91
jan/06;157022;18671;6052;1895;49904427;88656856;128925886;564750186;62265028;30578034;93,4;100,6;49,64;50,56;29,25;12,87;83,46171;107,57062;110,16416;130,03623;106,12354;99,63857;105,9606;17,25;57,37826;56,54443;313,13
fev/06;162367;17686;7701;2345;51178720;94766447;132205039;574731572;64861545;29765693;89;100,7;50,53;51,48;27,53;12,73;85,27191;106,90311;111,64909;132,54444;106,35738;98,56794;107,0514;17,25;56,72016;56,03916;292,32
mar/06;177645;22126;9893;3130;48628660;90575946;132932621;582400962;60667366;28067933;92,3;101,3;49,6;50,45;25,7;11,94;83,05622;106,66779;110,10357;123,39552;106,73198;99,89985;106,0634;16,5;56,50482;56,63614;301,44
abr/06;154730;19571;7744;2716;48993331;92253403;133738960;587203219;61966202;26946524;90,1;100,9;50,26;51,13;24,91;11,71;86,21015;107,30988;111,19228;130,14018;106,60309;99,16454;106,9296;15,75;57,48531;57,15949;317,69
mai/06;181583;24675;9729;3356;48562760;90033912;137903096;598052039;61236590;24922337;98;98,3;48,85;49,75;26,46;12,13;84,69827;109,45371;110,61857;131,06301;105,60145;100,5066;107,3371;15,75;57,56366;56,69642;314,5
jun/06;173662;20225;8699;2829;50652361;96256141;138035588;602297708;63272460;31362417;94,1;100,4;48,83;49,74;27,59;12,29;84,95552;106,71789;110,08918;129,33475;105,64653;97,76571;106,2473;15,25;57,47201;56,13038;317,15
jul/06;169180;21598;9066;3099;51242097;97140614;140449928;607750952;65769979;28822029;93,5;102,5;50,41;51,39;27,73;12,66;87,94577;107,82632;110,22569;128,45726;106,19717;99,28472;107,1143;14,75;57,6372;56,03206;321,68
ago/06;188344;20759;9635;3105;52054839;102229370;143322764;605866823;66384250;33476654;94;101,6;55,9;56,85;27,3;12,66;86,47797;108,06904;109,4586;128,98991;104,91581;99,96486;106,858;14,25;58,82381;56,91497;303,86
set/06;158603;19127;8913;1957;56057682;101708534;145675809;606212294;71347771;29023782;96,4;102,9;59,01;59,99;28,11;12,96;85,48817;106,20272;108,81468;122,4337;105,6011;100,7942;105,9678;14,25;59,83876;58,75787;283,32
out/06;175251;21269;9014;2122;55079075;102223938;149688929;620052634;71119021;28742912;98,5;102,5;61,55;62,47;30,54;14,22;85,92883;106,38115;109,45993;126,81686;105,27016;102,8546;106,3207;13,75;60,16009;57,57605;284,83
nov/06;178286;19778;9194;1639;57494944;104397557;151946260;630098114;73640792;31694216;91,7;105,5;55,05;55,84;33,06;15,31;89,05729;108,74917;110,95829;131,43542;106,57965;103,7911;107,8524;13,25;60,5897;57,20977;300,66
dez/06;150632;18181;7657;1219;68810851;105507816;153487906;636923129;85824753;35277248;97,7;106,3;53,48;54,28;31,93;14,85;93,53785;109,16962;113,70773;131,70001;108,20517;102,8059;108,5575;13,25;60,85322;58,44451;288,44
jan/07;161605;20404;6945;1824;59945896;105929762;155629087;640243857;76881753;32813844;91,8;105,6;53,57;54,3;32;14,96;94,75922;109,09644;111,09258;133,7163;106,55278;102,9392;108,2657;13;61,25655;59,15409;284,07
fev/07;159393;20012;8716;2397;58655943;105812577;156323386;645035711;75702005;29434735;97;107,8;55,14;55,86;32,58;15,53;95,46007;109,97855;112,08376;130,966;107,39291;104,4545;109,7643;13;61,72261;59,34398;295,76
mar/07;195931;24346;11148;3526;58994611;108919980;160580353;652383365;74489218;32746486;91,5;110,1;55,93;56,7;31,8;15,23;96,06724;111,8624;113,1814;136,18296;107,37493;105,0296;111,2707;12,75;62,44815;59,04628;301,27
abr/07;177941;21353;10157;2925;58592917;118235264;164318864;663945388;75535634;38870604;95,5;111,3;55,82;56,54;30,01;14,77;97,93416;112,30704;114,47585;138,224;108,97185;105,3538;112,3254;12,5;62,72883;59,61535;298,56
mai/07;204063;22451;11804;3526;59215195;112485207;166778085;665996441;75084791;33165861;96,8;111,6;55,55;56,21;30,08;15,2;101,54697;112,40126;115,24289;141,64512;108,78975;104,904;112,5812;12,5;63,46364;60,55883;298,59
jun/07;193968;23908;11686;3274;61275981;116777909;171269743;675594353;77487205;38116926;89,3;112,3;57,4;58,1;30,71;15,89;101,84374;111,90411;118,56819;143,31671;112,55125;105,4411;113,4743;12;63,53512;60,15339;303,84
jul/07;212032;25810;11975;3321;61182567;118935605;175306230;683783107;78422778;37389303;88,4;113,8;61,48;62,29;31,34;16,65;102,35471;111,98095;116,02971;144,41672;109,46963;107,306;112,7976;11,5;63,94729;60,72254;313,23
ago/07;218310;29008;13079;3527;63107254;117475075;179128948;695178319;79834788;34653590;96,2;112,5;64,35;65,2;34,56;17,6;106,83715;112,47178;117,50017;145,09273;111,37275;106,6559;114,5302;11,5;64,50819;61,52804;299,52
set/07;201543;25372;11956;2829;66158600;121052353;177851007;703678725;83963314;36376745;96,2;113,1;61,4;62,09;38,67;20,39;107,19432;110,99023;117,4477;147,31759;110,33664;105,5678;113,9633;11,25;65,23718;62,27158;324,72
out/07;236446;29585;14168;3206;65378078;124941188;184377388;718397839;83780516;39186070;97,2;115,4;63,82;64,54;39,91;22,17;108,34058;114,67801;118,85559;152,8192;111,00873;106,2371;116,5406;11,25;65,30552;63,03538;342,83
nov/07;218002;28760;13014;2953;69336167;130329325;187571429;727531664;88018029;42829448;96,3;115,6;72,54;73,38;42,07;23,75;110,32085;113,44307;119,11655;150,77884;112,13825;107,9736;115,407;11,25;66,761;62,95612;332,91
dez/07;181505;24729;9091;1700;82095431;129746765;204953537;756941789;102885047;43731820;92,1;115,6;74,21;75;43,98;24,63;109,30739;115,40301;118,37328;144,46495;111,23123;112,2524;115,5566;11,25;67,31674;62,87288;352,33
jan/08;200764;27872;10391;3429;73038131;126861767;191410858;753526550;92924567;37663552;99,3;111,7;74,61;75,41;46,23;26,06;110,10074;117,18593;120,8904;153,52017;113,93949;111,3142;117,542;11,25;67,90635;64,51451;363,81
fev/08;197647;26243;12288;3036;71433164;127198998;190347584;764206289;89929221;36399964;98;111,9;74,85;75,6;47,71;27,64;112,41373;117,3078;116,87002;153,55859;108,29996;109,2356;117,0542;11,25;66,87311;63,79213;407,17
mar/08;222548;28799;13671;3267;70084180;130528517;189855068;788963285;89466285;39410528;97,4;112,2;76,19;77,02;45,83;26,85;116,56227;115,8836;118,7008;153,37849;110,32862;109,0713;117,8577;11,25;68,66375;63,86042;382,13
abr/08;236206;29917;13516;3655;70955716;128793642;196947879;826121468;89875895;34808020;95,1;110,9;77,24;78,11;44,33;26,28;118,69071;115,45968;118,96702;156,18368;109,75126;109,9015;117,5492;11,75;69,0598;65,46766;404,69
mai/08;229493;28517;12954;3578;72029267;137635346;194112129;856020986;90911590;42247152;92,3;109,5;80,52;81,52;44,7;26,94;116,62731;116,61669;120,30353;155,45456;112,54417;112,447;118,6561;11,75;69,84065;65,72126;418,04
jun/08;242191;31792;14691;3748;72744870;133836587;194442079;876146239;92567910;40225202;91,9;111,8;91,53;92,61;49,99;30,9;122,2679;117,45725;122,16705;159,113;113,03947;114,3379;119,8779;12,25;70,09092;66,01016;458,96
jul/08;251952;34057;15547;3828;73905889;132540857;196410277;923054554;94091397;35000794;92,4;110,8;92,79;93,89;50,58;31,79;125,30879;119,04375;120,73647;157,27337;112,00173;115,6088;120,5094;13;70,3588;64,85208;413,61
ago/08;245913;33848;16233;3562;76082990;135993254;195784092;963070108;95835308;36235850;90,5;112;92,05;93;44,7;27,71;125,56229;115,81988;120,2128;159,12133;111,25704;116,5006;118,997;13;70,87888;65,48716;389,65
set/08;233650;33244;16268;3448;77450507;137271627;198878008;995630433;98211453;38724722;98,7;107,3;88,82;89,94;46,08;25,65;131,25598;115,94413;123,48854;163,20343;114,16008;115,0981;120,9984;13,75;71,62244;66,05166;344,17
out/08;225246;33905;17690;3337;78939071;134295238;196803265;1024042490;99045163;33729043;132,4;97,9;90,79;92,15;44,63;20,5;130,92066;111,81041;119,0727;147,54135;112,80055;114,9895;116,8206;13,75;71,15057;64,4354;267,53
nov/08;143636;26628;14687;2423;81964552;132521711;197187420;1039011464;102430156;29888604;128,2;84,5;88,39;89,57;45,13;19,87;123,48081;106,56678;112,84765;117,33511;111,90032;103,175;110,3872;13,75;70,39413;65,45186;244,22
dez/08;69236;15366;5821;891;92181718;129292053;199702403;1054632168;115590704;31959001;121,8;80,2;82,2;83,41;44,61;18,59;93,17447;95,48385;103,30098;91,45667;104,83674;87,40006;98,18226;13,75;70,44592;62,36511;228,88
jan/09;147345;23421;7224;2252;82862993;133531117;197715766;1067674542;103358929;34178946;120;80,8;84,01;85,35;49,21;21,3;100,89247;96,46153;106,01669;118,24234;103,88303;90,06268;100,4589;12,75;70,84347;63,43155;219,75
fev/09;165302;21814;7163;2267;81203008;137179916;199923626;1080286915;103124591;33143315;123,6;81,8;81,54;82,54;47,56;20,58;93,02971;98,90132;108,82129;127,48041;104,43684;94,25902;102,5172;12,75;71,79157;64,43313;211,02
mar/09;227657;26708;9375;2422;78847370;136539216;198293603;1085175541;99304427;35751938;125,6;81,8;77,54;78,51;45,35;19,62;85,80646;100,22942;110,37053;129,84607;105,43422;99,44429;102,6816;11,25;71,57923;65,62159;219,88
abr/09;208010;25150;9374;2166;80753429;149220497;204577749;1093202352;101681988;43080564;117,1;86,1;80,03;80,93;47,95;21,75;91,03563;101,12757;112,22096;133,96544;106,93211;97,40981;104,3925;10,25;72,33622;65,99745;221,9
mai/09;222104;28464;9356;2528;81500292;138113397;205796809;1102979436;102161375;31161545;111,8;89,7;79,47;80,32;50,39;24,45;91,34896;101,99681;114,35304;137,47711;108,87527;97,90055;105,6256;10,25;72,66177;65,79499;252,53
jun/09;233751;30285;9394;3015;81542120;140518673;210120503;1118175879;103474382;35711453;109,1;92,7;80,85;81,68;49,89;25,47;95,34251;103,95496;114,47307;144,66671;107,02318;102,5613;106,9881;9,25;73,55852;67,99467;249,49
jul/09;227192;32036;9507;2650;83668460;138922564;209038408;1120982131;105082619;30463224;109;95,4;81,39;82,28;47,83;24,76;95,93624;104,96931;116,34331;150,65234;108,18957;102,9617;108,2174;8,75;74,19147;67,2632;257
ago/09;241640;31167;9344;2753;84541996;141355187;211737570;1122623890;107131584;29887377;106,8;99,4;77,92;78,98;48,2;26,11;95,9839;106,62224;117,00029;150,46897;109,57587;102,6168;110,2665;8,75;74,52344;66,58328;253,28
set/09;219626;30003;11477;2661;85769234;146111785;214338087;1128155279;110167848;35530611;109;102,8;77,25;78,58;46,07;25,32;103,76339;108,53282;117,7995;154,49809;108,86122;104,5027;111,8333;8,75;75,12561;67,1008;259,01
out/09;252360;38121;12787;3023;88764034;148882957;217396545;1132675667;112123031;35330910;106;105,6;77,18;78,61;44,67;25,71;109,42785;110,12168;119,77089;158,9479;110,95308;105,0775;114,2454;8,75;76,60512;68,85406;270
nov/09;229664;36549;13805;2494;92502123;158036902;220329090;1143316467;116484422;40383641;101,9;109,1;74,35;75,71;44,06;25,5;118,30519;111,80683;120,59487;158,85084;112,15212;104,368;115,7782;8,75;77,26017;68,38931;277,02
dez/09;193516;33099;12188;1791;105573929;146386632;225461536;1150686644;131861185;34211650;99,5;111,6;74,64;75,66;42,87;24,49;115,26917;113,14789;120,30473;154,04889;111,38793;104,6862;116,3916;8,75;77,15144;69,7082;283,01
jan/10;186269;32683;11411;3032;96458008;150829367;229605366;1163981457;121122443;34527882;103,2;113,3;75,7;76,97;39,8;22,36;115,50797;115,41187;121,29439;158,78792;113,06232;110,7186;117,6371;8,75;78,51668;69,65825;265,25
fev/10;188222;32194;13302;2896;95549619;155327530;231751130;1175062088;120541695;33792723;104,2;113,2;77,03;78,12;35,73;19,41;111,97814;114,21123;121,82399;157,44979;113,5333;111,747;117,3494;8,75;80,41539;71,66136;274,45
mar/10;256006;41378;16734;3893;94575451;158183606;237634526;1193100080;119108107;37602159;96,7;115,2;79,03;79,88;34,14;19,11;117,86807;116,54951;124,79061;164,50754;115,31332;113,4683;120,0506;8,75;81,62443;71,82156;273,06
abr/10;216850;38877;15498;3648;95104206;159005395;240136146;1196599517;118866248;35761078;96,9;112,7;82,33;83,34;34,49;19,63;122,10813;117,91439;123,82255;161,10001;114,99114;114,7058;120,6644;9,5;79,01037;71,31293;277,46
mai/10;238389;39496;15600;3889;95036580;164206570;242928975;1207753025;120033926;38653383;103,5;113;80,81;81,68;35,59;19,6;123,58922;117,04179;123,10246;164,38728;113,68503;112,4416;120,5994;9,5;80,8546;72,70253;254,6
jun/10;224942;39086;16107;3862;95800804;161165097;243733334;1215944490;120771511;38856458;101,2;112,3;82,16;83,01;36,16;19,99;120,67795;116,75039;122,72634;154,6966;114,47869;112,5358;119,6986;10,25;81,66118;73,17414;258,34
jul/10;231938;37895;17479;3444;98736209;165729425;247790361;1230372649;123907497;38620844;96,4;111,2;84,15;84,98;38,58;21,8;120,97346;116,87478;121,89906;154,60167;113,86176;113,3773;119,0563;10,75;81,6801;74,57844;274,2
ago/10;243000;43241;18300;3846;100075605;177986499;253535363;1249652847;127034627;46208023;98,1;111,7;88,99;89,77;41,32;23,48;121,58049;114,60707;121,20829;156,146;113,28543;115,4957;118,4333;10,75;83,30617;76,27734;264,08
set/10;219951;38522;16485;3483;103808803;176623619;255511370;1270065851;131585360;44416368;98,9;111,9;93,49;94,56;42,59;24,78;123,19974;114,06375;123,62156;158,91001;115,40561;117,8913;118,6835;10,75;83,89569;76,05031;286,78
out/10;232071;41416;16082;3998;104813221;179052170;258664294;1290013221;131645973;45788757;97,7;112,6;100,62;101,64;44,88;26,64;120,91662;113,96424;123,27841;159,96729;114,83956;115,5153;118,3429;10,75;84,05924;76,03909;300,62
nov/10;237519;44483;17395;2543;107519070;180367536;259394946;1316718803;134669566;43815952;101,5;112,6;113,01;114,33;48,96;28,57;128,71936;115,57181;123,00034;163,95533;113,62426;115,2147;119,2415;10,75;84,31234;76,198;301,39
dez/10;207767;39476;15540;1997;121706380;185535239;256721332;1350057992;151145368;55707954;94,8;111,8;104,9;106,02;48,52;28,63;123,81801;116,17776;124,17901;164,69358;114,29451;115,4258;120,2558;10,75;84,9669;76,94894;332,83
jan/11;191191;31443;13782;2885;109180112;188294742;261213960;1375257989;138318334;55228893;96,4;111,1;103,07;104,37;49,63;29,61;122,99186;116,2234;124,21352;164,72712;115,26493;115,8946;120,2776;11,25;84,93683;76,38739;341,49
fev/11;231395;43091;17723;3737;106944772;186696490;262152903;1400373015;135091967;50514963;96,8;111,5;104,3;106,12;49,28;29,54;123,08631;117,91031;125,13897;166,66078;115,44205;116,461;121,4403;11,25;85,24673;76,05606;352,69
mar/11;231412;44176;16836;3898;105471446;180914099;262125958;1428996412;133099291;46819491;97,1;109,8;105,46;106,92;46,32;27,92;126,48663;117,91383;126,46479;163,66772;117,61277;114,6287;122,4363;11,75;86,24254;75,8774;359,58
abr/11;221633;41659;16343;3584;105758926;176930110;261001852;1447455443;133517139;39208300;97,1;109,8;104,23;105,75;44,37;27,98;123,6519;116,75659;121,90099;151,09713;114,81115;115,8122;119,0692;12;86,5;76,54734;370,73
mai/11;232564;47972;20283;4432;104751911;184997772;262350186;1470647094;133106831;45190827;94,1;109,7;100,41;101,92;44,94;27,86;130,55678;119,10256;125,3541;158,17057;117,73004;117,1645;122,8863;12;87,34049;78,32758;350,23
jun/11;228666;43437;19754;4193;106135493;192547495;264637280;1487674009;133899009;56611853;96,7;109,2;97,22;98,65;45,13;28,42;130,13979;116,62394;121,35849;153,88318;113,32125;116,5449;120,3084;12,25;87,46184;79,55912;338,22
jul/11;240457;44128;19914;4299;108442845;185205859;265421515;1510130325;136240134;45859064;96,3;108,6;99,34;100,52;45,77;29,28;130,30759;115,44978;125,33267;162,11859;116,16116;116,0726;120,0271;12,5;87,96353;79,00862;342,27
ago/11;252342;46814;22647;4410;108222859;183664592;261350546;1531434571;137401118;41884314;111,6;106,6;101,15;102,34;46,5;29,15;132,59652;113,66178;121,82988;154,4945;114,38557;114,9684;119,0143;12,5;87,73873;79,36927;342,77
set/11;196993;41319;18544;4274;112364900;189308861;263517392;1555211302;142007944;46496805;108,4;105,1;98,57;99,93;49,05;28,03;125,66847;114,04457;118,13467;142,58957;112,45315;116,5779;116,8975;12;88,15647;78,77146;298,33
out/11;201438;45307;19770;4434;112413134;190462758;263812383;1573242679;144053802;44015331;105,2;104,6;99,77;100,76;46,21;26,12;122,92667;112,80039;117,66001;143,33005;111,81339;116,2004;115,8918;11,5;88,09306;78,44616;320,04
nov/11;203719;45650;19410;4579;116232959;184574950;263389338;1589312491;146468661;36202254;107;104,7;106,17;107,02;45,35;25,34;126,78114;113,51258;118,94565;144,5645;112,74937;119,3866;115,9201;11,5;89,32308;79,74117;314,02
dez/11;199083;38922;18596;4644;131375615;191302892;261637051;1609028826;162769670;51465641;105,7;104,5;101,75;102,22;45,23;24,6;129,98245;115,59463;123,14312;159,09848;114,76242;117,0107;120,5689;11;90,15476;81,66594;305,49
jan/12;177408;28587;3535;1074;118163021;206913988;264541500;1626226642;149195222;62941019;102,8;103,7;98,77;99,35;46,8;26,18;102,11807;111,81111;119,34348;146,16067;113,1494;109,5019;114,2432;10,5;92,0381;85,28383;312,52
fev/12;172863;31623;12209;2373;116524975;192676027;267286131;1640612984;147869699;43619070;96,9;104,2;97,06;98,1;47,06;27,41;113,22492;112,34476;119,73348;140,67704;115,01294;115,5918;114,6023;10,5;92,88503;83,19816;322,67
mar/12;253426;41385;15528;2839;116998568;202686706;268304336;1654999959;145223965;56732161;95,4;104,8;94,16;95;52,23;29,11;115,94567;111,45905;119,79332;144,58162;113,9491;115,6856;114,5481;9,75;93,59187;84,58449;308,71
abr/12;218069;34525;11128;2553;116360833;197186618;272345114;1666038134;148228803;44955131;97,8;103,6;95,51;96,46;57,57;31,01;116,32691;111,16666;119,77749;145,95407;113,79651;116,4037;114,2404;9;93,89359;85,03195;306,22
mai/12;229235;41650;11689;3641;117391087;199380695;274164345;1679854582;147811284;43851769;101,6;103,4;93,13;94,27;61,11;30,79;114,85888;112,87921;118,89774;149,17016;111,73796;119,3353;115,0089;8,5;93,68467;83,73039;273,23
jun/12;225172;40375;8818;3357;120691223;200984026;276516945;1694354009;151219217;47639246;106,3;102,3;92,72;93,62;65,22;31,8;112,67558;112,29877;120,51891;154,81398;111,72659;115,627;115,3735;8,5;95,17837;85,76615;284,48
jul/12;242272;43255;12460;3155;121307638;207184762;280032001;1709854963;154222044;49405506;105,6;102,4;91,05;91,94;76,32;37,61;115,94859;113,93953;122,6372;158,85215;113,69826;116,3124;116,9779;8;95,68513;83,7783;299,84
ago/12;269847;47007;12896;3566;125020953;207714730;282995950;1718494613;155406459;48168838;98,8;103,1;90,48;90,86;82,01;40,44;115,59986;116,37589;124,98018;162,07078;116,55602;114,8505;120,2132;7,5;95,84357;85,88976;309,96
set/12;234803;40681;11053;3156;128434260;202738129;284571398;1728072651;160602700;41597305;97,5;103,7;96,11;96,46;82,92;40,9;110,55281;115,16377;122,85855;157,90497;114,58504;112,0021;117,7279;7,5;95,97787;87,71345;309,7
out/12;263518;43242;13111;4069;126915309;207695014;286726304;1743700287;160564565;44192395;96,3;103,4;95,71;96,19;74,41;36,66;112,26481;117,07363;125,00237;160,67951;116,50144;122,1963;119,0932;7,25;96,12614;88,53755;296,25
nov/12;257475;40963;12070;4219;133496640;210335808;290991848;1750244560;164799194;44225417;93,4;104,3;97,5;98,32;74,6;36,04;109,35878;115,48673;124,66312;159,85932;116,4944;112,8171;117,988;7,25;95,79018;88,00324;299,42
dez/12;220778;36187;8906;2633;149638726;209593405;299728445;1754261331;187434736;45936716;94,8;104,1;96,3;96,84;73,25;35,22;111,51509;115,46041;123,86274;158,53692;116,31897;116,2305;118,4558;7,25;96,25834;85,1544;295,46
jan/13;237700;38430;12622;3132;133237620;212119353;294763478;1748939883;167743523;48720384;95,6;103,3;97,54;98,24;64,62;31,84;120,43731;114,83641;125,39011;160,8627;116,97566;111,0368;119,7979;7,25;95,98187;87,03974;304,47
fev/13;191832;33564;13664;3012;131237482;206343001;295382578;1757201154;164991143;40031450;91,5;103,3;98,09;98,62;59,93;30,36;122,95991;111,95794;119,55542;144,84134;113,64649;111,4569;116,2455;7,25;95,87617;87,0717;293,43
mar/13;265001;43782;16533;3787;133353634;207687222;305096092;1788415939;165953654;41763832;92,6;103;98,16;98,97;57,83;29,13;125,03142;113,64226;122,80731;156,48427;114,77552;106,8959;119,1245;7,25;96,70225;88,50608;296,91
abr/13;278924;51538;18034;3832;130626544;213432608;302823506;1802128247;163834777;45787051;91,5;102;99,93;100,76;55,76;27,84;133,32896;114,96981;126,60761;164,38769;117,67265;109,336;121,417;7,5;97,13255;88,24842;288,65
mai/13;275799;48491;16378;3888;133657251;209103817;310628757;1820054902;166448371;34597960;90,7;103,3;97,91;98,75;58,71;28,78;126,81255;114,84111;125,60198;162,82876;117,09207;108,8533;121,1072;8;97,68317;87,52072;282,37
jun/13;257861;45781;16136;4075;134955444;217155580;313785158;1849651554;166507946;48059561;94,6;103,2;99,01;99,54;65,29;30,03;131,11048;114,02656;128,90091;168,53081;118,69954;112,7244;121,205;8;98,18911;87,58138;276,14
jul/13;254372;42043;16623;3702;135350614;214563185;312968599;1860995697;169009081;41462388;93,8;100,3;102,42;102,8;65,26;28,98;128,35864;114,62353;125,25084;159,96402;116,77766;111,3999;120,5027;8,5;100,50747;89,44052;284,49
ago/13;267515;53521;19059;3467;138957075;213514191;316014628;1877557998;170808722;38799397;88,7;100,4;101,41;102,26;66,22;28,21;130,85;114,99112;125,80895;160,807;117,79612;111,3511;121,2269;9;101,08733;88,90596;291,73
set/13;252575;49806;17151;3244;140713932;229701004;313556420;1887945908;175857887;53716956;92,2;101,3;106,94;107,59;70,81;31,25;133,9926;114,69517;126,55704;166,28478;117,52282;111,7418;121,422;9;101,27645;90,7384;286,1
out/13;253699;47008;18498;3472;140822497;214338193;314037561;1903272263;175365950;35769132;90,7;100,6;108,95;109,74;72,43;33,05;132,33265;114,53473;125,78885;160,9769;117,17553;117,7391;120,1915;9,5;100,72688;89,86664;278,42
nov/13;234256;40866;14726;3307;147994979;216161920;318356234;1929380017;182559219;32987584;85,1;99,2;108,55;109,05;74,05;32,21;126,00543;116,66181;125,46869;159,12515;117,24649;115,1729;120,2443;10;100,6946;90,44277;275,45
dez/13;185822;36071;7578;1636;163879089;225955398;319635609;1945257242;204052420;45457358;85,1;99;112,83;113,38;74,05;31,54;105,10385;112,95459;121,42638;150,7411;115,241;113,1178;115,7622;10;101,44822;91,43316;280,77
jan/14;191095;30088;13776;2431;149973789;219177305;322432249;1971036866;184028431;38918688;89,3;97,3;114,17;114,58;67,43;28,3;121,87122;112,21524;123,83526;155,15667;116,74022;113,226;117,626;10,5;101,5585;92,18525;283,93
fev/14;223578;39125;15174;3750;151218362;226175869;325589184;1998279701;189754314;34916820;93,9;97,8;118,05;118,53;66,87;28,09;125,26686;112,41652;125,96848;160,56696;117,59347;113,0214;118,4097;10,75;101,5123;92,16339;303,1
mar/14;218999;36211;13844;3700;146575525;227539075;323656437;2013576222;181861508;46152539;96,4;98,3;124,65;125,17;68,78;29,56;120,11918;112,64771;124,64053;157,43446;117,11425;115,4371;117,7855;10,75;100,75187;91,04021;305,35
abr/14;218831;42551;12314;3395;145412910;225789766;326474504;2034099944;182000614;40462377;94,3;96,2;124,44;125,35;67,89;30,4;119,31579;112,03438;124,3446;151,81271;117,68828;116,3182;116,5433;11;101,17646;90,30673;310,24
mai/14;225128;40144;12695;3388;146283564;222551363;321721296;2048668370;180083527;34688328;88,3;92,2;121,88;122,41;67,81;30,52;116,07322;111,01222;122,89982;143,05646;118,13735;116,684;115,4246;11;101,46494;91,17351;306,19
jun/14;170647;34566;8190;2540;147571632;225413429;320518787;2066156631;184543364;38315231;93,3;91,4;121,7;122,59;67,54;30,21;104,1539;110,67494;115,05692;116,55427;114,30345;117,3505;111,3808;11;100,3887;89,91962;308,94
jul/14;201533;37542;12322;2951;148429400;228441324;322177207;2072619924;184054315;39540373;90,5;91,8;119,36;119,9;63,72;28,64;115,30652;110,76789;122,13222;138,81711;117,97857;120,0736;114,4581;11;99,6213;90,99897;295,13
ago/14;207872;41917;11988;2860;151792352;235751922;325282620;2088841747;187277025;44067874;96;90,3;123,24;123,66;63,45;27,97;114,34607;112,68649;120,90037;138,19603;116,92008;123,184;114,538;11;101,24807;91,55874;293,44
set/14;236981;49385;11786;2779;155524579;237885376;328093728;2104222508;192199816;46209566;96,9;88;128,58;128,96;58,94;25,26;116,31709;111,27109;123,89783;151,75208;117,43266;122,9701;114,8458;11;101,39906;91,10105;279,21
out/14;229861;48378;12394;2695;157290347;234367187;331286140;2122596407;192507591;38520735;97,3;87,3;134,02;134,3;59,58;24,32;115,41258;112,21824;124,35313;150,25943;118,18626;126,9587;115,2119;11,25;102,13054;90,62035;272,62
nov/14;210907;40301;11778;1844;162762344;241723077;330696704;2136487958;199389685;42235880;97,2;86,3;143,1;144,21;63,01;24,69;114,82232;111,5656;121,42112;145,57715;115,2494;122,1381;113,5396;11,25;102,13134;92,46218;254,99
dez/14;172327;30962;3704;604;178251606;240993209;329348931;2141997848;220853706;42674811;95;86,2;143,08;144,38;62,42;23,64;91,66604;110,33267;116,06883;133,95945;112,54466;124,1376;109,6117;11,75;101,19988;89,43808;230,52
jan/15;165394;28729;8291;2302;162568095;235064749;332039928;2167501364;199352047;39172645;99;83,5;143,06;143,76;59,29;22,49;106,42178;109,96326;116,4741;138,28232;111,70817;125,0107;110,2485;12,25;101,35493;88,83605;219,38
fev/15;165273;30434;7648;2598;161992735;240342593;329880530;2179101806;198076416;40739171;97,4;81,5;143,39;144,41;60,2;21,37;101,51639;109,53849;115,03125;131,68507;110,86159;126,5795;109,0589;12,25;100,07173;87,1109;224,64
mar/15;205240;41080;7374;2786;161628667;239189295;330248889;2193743628;198876067;41780288;109,2;76;145,35;146,49;64,35;20,48;96,89314;110,092;114,24218;131,58418;110,06053;128,6671;108,2265;12,75;100,20924;87,87237;212,39
abr/15;177808;32890;6864;2061;160208092;238065172;325364154;2195975572;197269641;37750468;103,6;76,2;149,44;150,17;62,99;20,71;92,69769;108,45768;111,29542;128,17553;107,52808;128,8911;105,9036;13,25;97,56797;88,89638;230,07
mai/15;178339;26220;6169;2319;159713114;246442122;324279253;2201937450;194541991;44971470;105,1;76;147,86;148,41;62,1;20,28;88,72355;107,13167;111,24064;123,54007;108,15824;126,9578;104,7518;13,25;97,92397;87,42265;223,75
jun/15;158917;21608;5284;1799;158752497;235145580;322179283;2201911763;195609781;36348943;105,7;74,5;146,19;146,77;62,97;20,25;83,74362;107,52834;109,53743;111,4468;108,63229;126,7572;103,9078;13,75;96,71211;85,78764;227,75
jul/15;191380;23271;6599;1895;160948154;230215678;320657714;2214394479;195652043;29410801;118,4;72,7;142,27;143,26;67,84;21,04;82,51633;104,59227;109,53607;119,30337;107,39063;124,7235;102,0191;14,25;95,50205;84,15762;203,1
ago/15;186345;24170;5283;1193;158744305;236638106;316981895;2217126100;195156210;36560248;126,6;71,1;141,26;142,37;72,18;20,55;76,41116;106,70738;109,61332;117,94783;107,93031;127,0931;102,4097;14,25;94,94437;84,12174;202,63
set/15;149977;19234;5819;1727;159475550;227732398;311288248;2219558792;196014794;32432662;136,8;68,5;143,67;144,91;76,62;19,62;78,56237;102,94647;108,60422;108,69889;108,4537;126,7337;99,8171;14,25;94,79672;82,70579;194,29
out/15;169992;30074;6799;1232;165411401;243070201;317245722;2254649882;203232424;36388911;121;68,9;147,51;148,21;78,14;20,15;76,60733;104,14916;108,00397;105,3296;108,54352;124,9757;100,5612;14,25;95,59313;83,52614;196,14
nov/15;143944;23535;5350;1045;168742696;242934118;317198955;2266204901;205317865;37528989;112,9;70,4;148,52;149,39;75,55;20;77,52491;99,84644;107,4779;101,01169;108,6843;110,4377;99,12623;14,25;94,35994;82,98327;183,05
dez/15;123699;14976;2582;541;185280417;233946617;315492218;2285014773;225485184;29803738;117;69,8;146,88;147,94;77,07;19,93;64,59728;98,95861;106,11193;102,91865;107,27198;110,2472;97,62224;14,25;94,11354;83,21656;176,68
jan/16;132206;15238;4158;1176;171047425;236024781;320218243;2306702072;207609265;32719483;113,6;70,7;149,54;149,8;78,46;19,36;76,48218;99,38778;107,39596;108,16895;107,53381;104,9816;99,065;14,25;91,59228;81,95259;167,29
fev/16;118574;18933;5317;1509;167812051;254135950;321949791;2325966937;205134265;47425627;115,5;70,2;154;154,7;73,32;18,46;74,83135;98,64717;104,87295;95,22036;107,16068;108,1683;97,45469;14,25;92,48664;82,89404;163,78
mar/16;165544;27493;5661;1654;165467548;240397308;317232284;2309569466;203800952;38728977;123,3;70,7;155,8;156,23;69,95;18,93;76,20445;99,17697;106,38385;99,28686;107,92244;108,5239;98,31651;14,25;91,70036;81,3737;171,17
abr/16;142067;22449;5197;1585;166404931;245141281;320719704;2315076911;202066369;40076216;128,3;70,6;157,39;157,85;73,42;20,68;76,54351;99,30754;105,97261;95,04472;108,58285;110,0025;98,30889;14,25;91,70426;81,22294;185,35
mai/16;146224;25848;5332;1491;164768800;245691984;319625644;2323330539;202463099;37502520;120,7;72,5;154,38;154,84;82,29;23,26;81,80514;98,96349;105,80982;102,70578;106,95529;112,8132;98,26308;14,25;90,89275;82,30549;186,94
jun/16;147480;31376;5570;1824;165291611;238206788;320079671;2322620222;201406919;33271195;119,7;74,9;156,67;157,55;90,54;26,49;77,57552;98,37263;104,67385;99,36285;105,24679;111,4153;97,07591;14,25;91,01619;81,44011;193,43
jul/16;152295;32758;5091;1635;166709749;246556500;320162632;2337092455;202192048;38653286;117,7;77,5;155,59;157,69;82,84;25,28;77,73978;100,72836;103,90313;105,2184;103,62555;113,487;97,5398;14,25;90,26809;81,47664;181,87
ago/16;149414;25108;5211;1464;165551959;241192110;320325391;2348225676;202032992;33735703;112;79,3;150,65;152,6;77,57;24,19;75,87;97,71013;101,84276;96,41251;103,22873;111,79;95,61174;14,25;89,79468;80,14181;181,11
set/16;141286;23829;4846;2144;171980674;246501596;325085085;2338343473;209290951;37745003;110,7;80,5;150,08;150,6;76,14;23,4;75,22253;98,88314;103,38301;100,01987;104,39277;114,199;96,94059;14,25;89,04791;79,42932;187,3
out/16;151948;19333;4635;1654;168861921;251353120;327827018;2361290891;209213988;38631559;114;80,4;151,33;152,01;73,93;23,23;73,01466;97,76019;102,35733;101,52896;102,68697;113,3087;95,57744;14;89,35443;79,59531;187,31
nov/16;185640;26486;5362;1596;173840340;245398639;326823779;2377321746;210046637;34873346;116,2;80,7;149,89;150,57;74,9;22,43;77,04402;97,80613;102,99821;105,10706;101,6903;115,2187;95,73508;14;89,05793;78,17769;190,43
dez/16;166216;29852;4102;973;191973469;250369457;330032565;2397344869;232145593;38141553;123,2;79,5;149,32;150,44;74,71;22,28;77,02569;98,5808;105,75057;109,27834;105,03514;117,459;97,51013;13,75;89,00814;76,89644;193,73
jan/17;154586;19239;4482;1069;174445554;256328274;326689028;2409081125;212760315;49631889;113,9;82;148,39;148,97;71,57;22,41;78,36421;99,38648;108,35185;109,79744;108,45322;119,0941;97,99016;13;91,92599;85,62768;193,34
fev/17;171045;24046;5314;1358;176310064;267888262;335394527;2423633209;217874918;48450078;108,3;82,8;144,99;145,49;68,78;22,17;82,76666;100,06139;109,09943;112,19095;108,05383;120,9043;99,14404;12,25;92,05758;82,64591;192
mar/17;201134;27796;5952;1686;172723627;240603718;329938370;2426220334;208947637;34662713;111,9;84,9;143,33;144,28;64,92;20,77;76,29174;99,31784;105,8209;105,16731;106,09543;119,268;97,29928;12,25;90,50113;84,99821;187,34
abr/17;159822;24340;5900;1492;172972070;266620955;330912586;2444140687;214125862;49528672;109,2;86;136,8;137,34;61,16;19,48;79,50507;99,92533;104,49735;105,75239;104,24123;118,4067;97,43045;11,25;92,16978;85,68061;183,27
mai/17;210787;32903;7576;2132;171805084;242780221;332506777;2469255295;210464623;27186891;116,6;86,8;136,07;137,14;64,06;19,97;79,89997;99,83826;106,16283;112,29483;104,70182;118,3707;97,95625;11,25;92,39354;85,26042;181,45
jun/17;176868;28937;6797;2236;176529399;264077297;337044137;2489245232;213569522;46669449;124;86,1;128,66;130,13;63,59;19,29;82,20883;100,64339;106,73274;111,2762;105,71152;119,3828;99,05879;10,25;93,47469;87,07596;176,55
jul/17;189340;27122;7093;2276;176190151;261821123;338970292;2494756587;215271559;40588699;119,8;86,3;124,5;126,03;66,23;20,7;82,98952;101,36469;108,03576;112,84296;107,22151;115,8789;99,61505;9,25;93,28366;85,18486;184,67
ago/17;225601;30208;8488;2192;175511748;257972704;336016507;2505475079;213951154;38209157;112,1;86,4;133,71;135,87;63,86;20,27;82,93482;99,98634;108,96627;116,53236;107,1163;114,6242;99,87624;9,25;92,57383;87,81017;183,02
set/17;204847;25630;7599;1687;178674701;263116661;335226160;2507598688;218720929;44049382;107,1;88,9;143,47;144,57;65;20,73;82,93201;101,14669;108,12459;120,63398;105,14315;115,0138;100,8043;8,25;93,50466;87,93265;185,44
out/17;213674;30463;8241;1528;177180596;257927804;338653639;2519369931;219653157;34800183;103,8;91,3;140,78;142,04;66,48;20,81;82,86662;101,5263;109,39375;118,60411;107,29464;116,8671;101,2925;7,5;93,12293;88,55843;190,14
nov/17;213538;30704;8166;1665;183392581;265134965;344059762;2536210353;223157435;41062370;103,1;91,8;141;142,08;69,03;21,18;83,85251;102,34128;109,15533;123,53955;105,326;116,146;101,7885;7,5;93,33712;88,69328;191,98
dez/17;186655;24284;7436;1322;203909637;278086621;348757631;2529517731;250363681;46391775;106,1;93;145,23;146,11;70,03;21,25;87,52431;104,07229;113,45489;132,59672;108,59419;114,4475;104,9589;7;93,83574;89,52907;196,95
jan/18;182025;28540;6707;1945;186287413;263580421;351816890;2566801149;228438630;43957480;105,4;93,2;146,53;147,79;67,42;21,01;87,67536;101,4362;111,40368;125,33445;108,41379;117,2812;102,0665;7;94,11025;90,29764;200,78
fev/18;176807;26803;7780;2108;184131049;266511501;353497755;2588377616;225267440;39249594;104,3;94,8;145,09;146,05;69,43;21,41;88,28178;100,78462;111,16531;126,60613;107,19886;115,0687;101,5292;6,75;93,74062;90,86935;197,53
mar/18;218015;36744;9947;2833;185031942;271607725;360497481;2629995739;224299131;50757048;111,3;95,7;144,8;145,75;73,64;22,47;91,07708;101,20999;113,03944;133,09431;108,46821;116,1484;102,7938;6,5;95,0008;92,13376;199,25
abr/18;217393;36761;9095;3300;183399668;266098133;363374429;2632896966;223343738;39999121;116,4;94,6;143,16;144,57;79,6;23,36;89,4967;102,5734;112,88362;131,74148;108,81638;117,9625;102,7612;6,5;96,16413;91,67527;206,32
mai/18;179583;23498;7423;1825;184227154;274825626;364435992;2642745295;224373209;45179697;119,7;93,9;140,59;141,65;80,32;22,09;73,30487;94,66717;94,81839;98,11513;94,0336;120,2317;89,9184;6,5;94,79679;91,07221;207,53
jun/18;208851;35881;8635;2944;187373801;272885486;360445672;2671185088;225768541;44059222;127,7;92,5;138,53;139,09;78,44;20,74;91,45838;102,63161;112,61149;129,49104;108,6393;118,8957;103,3737;6,5;94,06071;90,90304;205,33
jul/18;201002;33220;8855;2858;186413087;282119806;360521863;2683041259;227029344;48309206;115,7;92,5;141,72;142,46;81,97;21,43;86,40299;104,69482;110,84972;127,90743;107,05935;118,1998;102,835;6,5;93,11165;87,94622;199,68
ago/18;243241;35173;9697;2988;191594630;283554934;370462316;2710242034;230592551;47084735;114,2;93;144,81;146,22;83,64;21,29;91,78302;101,15519;111,2166;130,54837;106,72459;113,5858;102,4264;6,5;95,37892;93,69158;198,41
set/18;187288;24428;9115;2250;195138475;280628873;369572221;2740650941;235679069;43727837;121,5;91,5;149,68;150,81;88,84;21,64;89,33538;98,98137;107,91016;119,61247;105,01461;113,0026;100,0371;6,5;94,44339;92,27157;201,01
out/18;221319;28699;10858;2310;192513618;291006726;368812405;2755870868;235090180;51885317;110,3;92,4;148,56;149,04;84,18;22,38;89,47348;99,53071;109,25028;125,05432;105,60447;118,0266;100,3422;6,5;94,17098;91,09366;197,1
nov/18;204570;28089;10043;2069;199870050;280320504;370861503;2763613099;238857805;40401025;111,7;95,7;146,26;147,01;78,33;20,69;86,53931;100,87162;108,06145;119,73931;104,98128;118,7179;100,2865;6,5;96,70718;92,12653;187,94
dez/18;147873;21145;7379;1106;218156668;284171263;374024993;2801252430;264967669;37081792;113;96,4;150,21;151,15;75,6;19,47;84,08897;100,59782;108,66808;117,53102;106,35154;119,2816;99,87334;6,5;95,48887;92,47132;175,96
jan/19;166195;24220;6811;1919;199849865;268030128;380327190;2819880010;241502408;37603195;111,5;98;152,23;153,42;72,02;19,27;82,15894;100,37146;109,07202;120,43591;106,37831;120,1386;99,64185;6,5;96,12971;94,79656;186,54
fev/19;217812;27970;9631;2526;198300738;292334721;382932140;2833864311;241233707;48914107;111,3;97,2;150,38;150,63;72,78;19,56;85,67513;99,49678;111,36147;127,12798;107,19358;105,87;101,179;6,5;95,55956;93,19317;190,12
mar/19;203108;27665;8319;1671;197339506;282732214;382935192;2850087074;236674943;50066625;109,2;95,2;152,91;153,28;73,02;19;86,42652;97,66992;109,74928;125,79411;106,14966;103,101;100,6472;6,5;95,75702;95,02863;191,54
abr/19;225330;30021;9412;2798;194784239;282562306;380188397;2859971481;235680830;43923832;117,3;94,8;157,29;158,04;71,78;18,43;91,29064;97,60367;113,66076;133,02094;109,28141;92,44054;102,3852;6,5;95,71443;93,83371;192,47
mai/19;230351;31391;11230;2775;195382098;283650105;378062241;2863017847;233750937;44125010;119,5;93,2;152,75;152,82;72,91;18,25;89,96928;98,34833;110,43167;130,0631;106,11649;100,664;101,6122;6,5;95,33113;93,41834;183,56
jun/19;190859;29923;9993;2375;196040586;277825600;375648981;2860827989;235378622;40661336;119,1;93,6;149,95;149,98;76,26;19,75;89,49843;97,685;109,17664;126,78665;105,21761;102,552;100,816;6,5;94,8632;92,45928;189,83
jul/19;221869;31565;10918;2640;195600058;279083698;375981429;2872800612;236223218;35121470;108,4;94,7;153,12;153,42;73,78;19,52;89,11836;97,39276;109,78275;126,24369;106,18124;105,63;99,37351;6,5;95,54152;93,80777;187,56
ago/19;222648;33712;10732;2666;197966794;288158643;378313107;2893473627;237058538;45558763;114,2;94,3;154,41;154,64;78,74;19,57;89,00016;99,12394;110,1817;125,06266;106,53177;109,4479;100,6515;6;95,51571;89,47638;179,27
set/19;203198;31438;10406;2413;201707888;283401556;384651071;2928263283;243901597;37234965;116,9;94,6;158,31;157,69;80,44;19,51;88,67326;98,77632;110,10195;126,63668;106,24464;108,9178;100,9613;5,5;97,41598;90,14102;183,35
out/19;239005;35578;11286;2650;201432938;296691948;388029437;2957287086;245421698;46925797;111,1;95;163,26;162,94;82,63;20,24;86,73198;100,06213;114,93564;135,00603;110,1065;109,5016;103,0553;5;97,79532;88,84285;186,73
nov/19;186426;30219;8764;2046;211615347;297901404;400732533;2999155775;254589175;42193718;105,1;96,9;201,16;201,79;84,28;20,27;85,93483;98,52361;111,35506;123,88677;107,95516;107,4012;100,7097;5;98,36745;91,0911;186,71
dez/19;141689;21649;5974;1192;228309144;299178021;409839379;3047702613;280685185;35901522;112,4;98,3;211,97;214,37;83,31;20,27;77,1019;98,06674;108,3846;115,53453;106,539;105,609;98,98464;4,5;99,9062;97,14692;196,64
jan/20;162376;20760;7169;1426;212568631;305594460;415357851;3081045357;257444800;60514596;112,9;98,7;193,05;193,8;82,6;19,91;86,19572;98,97247;109,70349;123,22764;106,51402;102,8103;101,2535;4,5;97,85128;94,42232;180,49
fev/20;173417;19102;9131;2556;210226771;305548137;421846397;3103658510;259344600;43852886;115,1;99;197,05;197,7;81,45;18,74;86,18013;99,50305;112,12449;128,60293;107,8825;101,2048;101,6951;4,25;98,12864;93,8577;169,18
mar/20;156498;23062;8406;1992;214205638;303115846;443007497;3243057108;259536017;48024229;167,1;89,8;200,36;201,04;88,23;18,04;72,11481;94,56913;95,41198;98,04148;94,91212;102,799;92,30828;3,75;93,94835;89,53995;129,29
abr/20;946;102;403;396;237659783;339973188;479040584;3415613074;291214979;45469315;210,5;53,6;199,57;200,19;95,19;17,87;45,17281;81,60777;71,41258;21,36164;83,52643;100,7207;71,61647;3,75;79,1107;76,98843;124,43
mai/20;29603;8204;4054;1219;256972280;374077938;509596338;3544113868;315117776;52945093;190,3;60;201,21;201,71;103,34;18,33;56,95929;85,36913;78,40485;40,64509;87,57047;96,04805;79,17709;3;88,29683;89,53034;140,42
jun/20;71262;20225;5575;1385;270241798;381912480;530804241;3611206354;335059751;46620246;173,6;74,8;209,87;210,33;103,43;19,89;65,13353;90,60888;92,56849;78,74478;96,15102;100,8437;88,36822;2,25;95,20886;91,51911;146,52
jul/20;136025;26205;6820;1601;279811158;432640505;550524489;3692187006;345720204;77954499;163,7;82,4;221,36;221,79;109,45;20,74;74,39659;99,93459;101,03574;105,68158;100,42496;107,3989;96,22867;2,25;99,50888;90,99095;152,62
ago/20;169052;32520;7087;1350;286098526;407580054;563521010;3734472210;351356872;51350566;160,3;89,6;228,48;228,84;122,52;22,44;77,67055;102,71305;103,99601;116,22464;100,99509;106,5473;100,134;2;102,28971;91,91449;162,74
set/20;172321;36452;9430;1959;287734762;411531890;581873648;3792439839;354308092;54428898;145,8;94,4;248,5;248,89;136,72;25,3;86,40685;103,7303;109,80926;123,9141;105,90371;103,0677;103,9619;2;103,42123;92,74329;157,76
out/20;186400;37359;10902;1807;292631994;432525220;598406275;3883278584;356836332;70984074;143,8;97;264,65;265,07;158,41;28,14;91,32552;104,11126;110,86138;126,0701;107,29902;102,0422;105,6115;2;104,3985;92,49035;153,76
nov/20;186260;38761;11474;1705;297459982;418698464;599781487;3922663633;359042563;58636983;145,8;97,3;285,33;285,77;164,55;30,35;97,80522;103,01451;111,87716;128,52485;107,83127;98,71262;106,2199;2;104,09213;91,99104;170,05
dez/20;163015;34787;10485;1009;308889418;414817015;592580494;3925632917;370441036;61095617;142,3;98,1;266,13;266,58;145,12;28,23;97,73798;103,74623;109,78348;124,47566;106,31259;100,4806;105,4061;2;101,0801;90,4968;178,29
jan/21;157706;32450;8805;1437;292285678;421014571;605095726;3951666668;363537625;70052874;137,4;96,2;289,01;289,46;163,9;30,59;104,23838;103,38069;112,1603;125,1759;108,84999;104,9427;105,8858;2;98,18143;87,13063;185,11
fev/21;155069;28572;11805;1589;285085392;413571286;601053989;3955118170;350885762;60525239;128,2;95,4;301,73;302,17;161,56;29,8;100,64598;102,45364;109,46576;117,16511;107,23105;101,0897;104,5309;2;98,68338;86,70146;202,37
mar/21;154138;31580;12472;2150;280168637;401285267;606275346;3971630896;343090507;62539776;136,5;88,3;309,34;309,94;164,51;29,16;93,27982;101,79371;100,49401;107,77923;98,76322;101,2783;101,5862;2,75;94,93923;84,94298;196,56
abr/21;147859;28083;13093;1872;279333836;423775520;606956589;3973464233;339898271;80249749;129,4;90,5;316,06;316,78;170,8;30,7;97,49169;100,95738;99,37021;107,50647;97,70865;104,7377;99,11365;2,75;97,58923;97,30437;212,29
mai/21;141798;35483;13908;1654;278817574;409599834;609960445;3974287108;337274879;66253117;119,9;94,1;310,47;311,3;171,36;32,38;99,11075;101,49019;100,13294;105,08483;99,5246;106,2014;100,3771;3,5;102,56387;103,47687;218,6
jun/21;119461;31825;14639;1622;282029985;420772105;631563068;4025572341;340095553;82116571;122,3;97,1;317,28;318,28;157,16;31,27;100,57511;101,36339;98,87377;102,00394;98,23683;104,9508;100,375;4,25;100,37217;96,75522;226,78
jul/21;116113;31709;14801;1533;284730060;437027382;646806655;4082777494;343812587;84145623;119,3;99,9;318,63;319,76;162,65;31,51;105,10434;100,31939;97,70131;97,09893;98,32827;103,2062;98,9158;4,25;103,94525;98,89379;231,77
ago/21;120394;28463;14963;1510;279483687;410836375;632755228;4121857879;341302698;65026496;119,6;99,8;315,13;316,46;168,09;32,02;100,5881;100,609;97,10891;90,24557;98,40134;105,8209;98,55315;5,25;99,10395;92,16711;231,88
set/21;133857;25216;13816;1198;276577198;407154629;626960475;4148251269;336844324;66832011;131,4;96,6;302,05;303,44;169,57;32,04;99,66215;100,02992;98,0872;93,26027;98,96057;105,5685;98,82111;6,25;97,69306;91,40025;243,32
out/21;135233;28695;13733;1304;275959703;400602478;625623676;4164691155;331653831;64555051;127,1;98,6;269,56;270,92;168,22;30,39;102,62109;98,28909;97,49831;93,07587;98,4477;98,72403;98,7615;7,75;98,02619;93,49167;252,65
nov/21;159310;30447;14380;1583;273889482;414432753;615941844;4183373247;330208515;83063149;125,2;98;297,66;299,57;162,38;29,21;98,82654;98,48215;98,48107;95,27535;98,75068;102,5513;98,2031;7,75;99,20913;93,23115;232,99
dez/21;166913;30188;12395;1429;285944955;393384284;607252087;4245566518;339013043;70170476;118,7;97,6;320,9;323,33;166,74;29,47;101,77909;99,7697;100,44184;106,38265;99,61986;102,0367;99,70991;9,25;98,99427;94,21748;247,02
jan/22;112323;22306;9463;1325;271952413;405879448;614114471;4282565232;328559890;89416306;116,4;94,7;338,46;340,93;176,31;31,92;100,10237;101,03689;98,61123;97,62811;98,43703;98,92296;100,0819;9,25;97,33334;92,60897;271,23
fev/22;130221;22369;11389;1956;271609463;404214592;617326272;4343724557;326643507;75528501;117,1;94,5;340,29;342,98;191,63;36,93;101,75954;102,34373;99,51169;96,35959;100,00824;102,066;100,9511;10,75;99,36931;93,72139;286,14
mar/22;139632;29202;13531;2421;267160888;381978544;617810780;4403402445;320815982;65081361;121,3;94,4;344,71;348,03;195,85;39,44;99,30365;101,58634;95,25514;94,63786;95,76247;102,2859;99,85618;11,75;99,66384;102,04918;314,03
abr/22;144517;29823;10072;1625;268524090;400365724;618003951;4471554286;320540783;75969711;114,9;96;335,06;338,15;182,2;38,33;100,12096;102,31501;98,87651;96,04194;99,61927;102,6886;100,3222;11,75;100,44816;103,27994;328,15
mai/22;159555;29401;13947;3013;270974095;403934854;610527978;4549049525;326467034;71723710;116,9;97,2;323,1;326,41;188,96;38,21;103,19693;99,22217;100,96521;98,95283;101,78475;96,7851;100,7673;12,75;103,14937;108,57618;337,24
jun/22;158384;28853;13370;2991;272471208;404447600;605644561;4597695650;330152377;77016523;120,6;97,6;317,96;321,34;189,82;37,59;100,10528;98,43441;102,03921;103,84968;101,79064;97,53471;100,7107;13,25;99,89004;103,42813;310,57
jul/22;160169;42927;12724;3130;269982482;398151525;603003424;4655748460;325093480;64504530;120,8;96,9;324,41;327,75;184,63;34,41;101,54126;100,23257;104,3234;101,12178;104,60302;100,3459;101,2267;13,25;99,16503;100,05953;312,08
ago/22;181017;36157;17223;3564;266726045;399359184;600608590;4740002757;322520909;72833686;116,6;97,9;313,39;317,05;181,86;35,34;102,55538;98,92336;100,87669;99,41148;101,02254;96,7599;99,90505;13,75;99,71633;100,61231;311,06
set/22;156727;32280;14956;3799;270827747;397029806;604117606;4813628317;320032359;73408356;111,7;97,9;303,35;306,75;181,72;34,74;98,09957;98,11626;98,63494;102,10985;97,81366;98,80446;98,7351;13,75;100,48725;100,256;288,12
out/22;164674;22662;15582;3126;271001146;402941156;601702739;4861502983;324627988;73955300;112;95,9;296,74;299,91;179,71;34,24;97,9374;99,48736;99,84403;104,66894;99,00599;108,3088;98,67615;13,75;101,01774;99,5077;295,31
nov/22;168136;29570;15121;2969;275121329;392956428;600778776;4940312475;327519021;64013617;112,1;92,4;283,35;286,52;182,44;34,55;99,23933;99,62517;100,26246;102,89857;99,29217;99,00571;99,86998;13,75;100,48693;98,43676;302,42
dez/22;149478;25617;14614;1858;293148361;404632139;600020062;5019052793;342334138;77325780;112,7;92,9;292,1;295,38;177,28;33,75;98,98968;99,27745;101,56951;103,6608;101,47189;96,28457;99,8241;13,75;99,86847;97,66275;301,33
jan/23;125060;22775;4049;782;283056331;402654124;608169209;5117756737;339228882;74260899;113,3;91,9;285,97;289,18;170,87;32,89;92,57961;99,22464;102,3884;104,56272;101,8427;103,3529;99,0486;13,75;101,11024;102,08973;302,92
fev/23;123694;28426;8123;1275;280329747;405254030;610499046;5169461815;337989227;65580519;111,7;93,2;289,72;292,67;165,56;31,97;91,75308;99,50496;101,81358;102,17135;101,5722;106,5887;98,63448;13,75;101,0329;101,29639;295,01
mar/23;167662;39890;12325;1958;276863077;409970004;616368528;5264597206;330756428;82557959;116,7;94,1;281,8;285,1;155,19;29,82;96,36862;100,05802;100,44185;103,40058;100,61513;105,096;99,54992;13,75;101,59951;102,75539;293,9
abr/23;137549;32421;7255;1628;274869426;414760489;607158010;5301536763;327549608;82800574;112,6;92;285,81;288,71;139,11;27,73;87,70974;100,50991;101,88348;101,08413;102,04492;105,204;98,98289;13,75;101,44403;102,4125;295,51
mai/23;175051;42524;8392;1947;273946000;401390096;597984515;5355666483;326164235;70184444;111,8;91,3;263,83;266,93;131,16;26,33;88,76773;101,24126;102,04476;107,84355;101,6532;106,6614;99,6653;13,75;100,70403;101,52205;281,07
jun/23;142727;37477;7029;1949;282076680;399472662;593168971;5407809714;333116241;70002635;107,6;93,1;248,8;251,59;128,43;26,51;88,53167;100,21594;100,62069;98,45338;101,13163;108,1392;98,76297;13,75;101,52216;100,96771;291,36
jul/23;141859;32505;6749;1903;283868470;402271444;594823862;5458987705;337238808;57635420;103,5;92,3;250,81;253,49;137,38;28,62;86,22343;99,64405;101,61633;97,28067;102,22245;106,854;98,14767;13,75;101,99677;102,55557;315,23
ago/23;173693;41590;9623;2048;278671987;403276690;594918654;5531605963;333057891;66724483;108,5;92;220,36;222,86;139,84;28,52;87,78201;99,48737;104,22703;102,48079;104,35127;101,431;99,55599;13,25;102,21396;105,5036;316,38
set/23;159503;39301;8220;1865;277683197;408545591;591195526;5587128617;328770550;75696298;106,8;91,5;212,52;214,68;139,16;28,14;86,95088;100,07962;102,37055;102,18131;101,81213;108,448;98,56156;12,75;102,63036;102,39959;320,71
out/23;149725;37457;10478;2098;276760302;401292307;594638745;5686970156;327483643;69943437;110,9;91,2;237,84;240,32;136,91;27,03;85,01873;100,18607;101,97956;98,07829;102,57698;109,5828;98,7532;12,75;102,28554;103,09167;318,42
nov/23;155517;35241;10030;1887;278926524;407446320;601015453;5740579476;329771878;75778262;110,4;92,8;234,87;237,24;138,17;28,21;84,18167;102,13174;102,58795;94,29154;103,60908;112,604;99,42777;12,25;102,95006;103,50388;311,29
dez/23;130039;32019;8262;1258;291881248;408343930;597755488;5798389781;341616828;81101800;107;93,3;248,63;250,97;139,12;28,39;87,38083;103,951;103,81178;107,46294;103,34133;115,4119;100,0171;11,75;102,97968;102,22912;301,4
jan/24;117025;26002;7941;1596;280942213;395311599;610884415;5922143886;334650277;70097927;109,1;95,3;249,65;252,17;121,18;24,66;91,36069;102,23847;102,63465;101,81133;102,74066;109,898;100,1435;11,75;104,08302;104,91437;312,72
fev/24;140688;36566;10162;2268;279635356;415997138;613358431;5960822870;331573415;83127248;104,5;94,7;237,84;239,94;111,93;22,56;92,12834;101,6307;104,72685;110,28862;103,82591;106,7749;100,8021;11,25;104,44381;105,4973;317,12
mar/24;143419;38482;11224;2626;280122167;414796942;618341752;6006137037;329688064;88107823;103,8;96;232,81;234,84;117,28;23,55;94,78741;102,11284;104,59172;108,28452;104,01459;107,0948;101,1193;10,75;104,17702;107,79479;336,03
abr/24;167402;40249;11656;2808;282362244;411015726;625708978;6075500653;332847987;73412065;106,5;96,1;230,51;232,56;122,66;23,93;97,0188;101,00506;105,11304;110,67232;104,64888;103,2611;101,8869;10,75;105,1895;107,20622;339,03
mai/24;127047;25782;11172;2731;291720962;440891577;646707178;6127885266;341239021;95350976;112,9;95,8;226,92;228,99;130,96;25,49;94,39176;99,96455;103,38681;99,49586;104,66369;106,5087;99,86727;10,5;106,61336;109,94564;339,05
jun/24;158981;37179;12236;2639;289922741;433165355;641062774;6210868798;347331283;89571164;110,6;96,3;220,7;222,44;133,98;24,84;100,33565;102,82687;109,95353;115,02294;108,83917;108,9218;104,3674;10,5;105,49424;111,57425;340,81
jul/24;180671;51945;11909;2196;296542441;439307024;642209772;6273198061;347820490;85018295;110,3;97,2;229,27;231,35;133,5;24,07;96,45656;102,25047;107,00053;118,63481;105,12802;106,5947;102,8917;10,5;106,05573;112,11908;327,9
ago/24;193467;50889;13101;2156;296780576;437560395;646345006;6314898713;345982105;88626825;107,8;96,9;235,07;237,11;129,24;23,27;95,27649;102,89421;107,03852;117,52723;105,31769;107,3382;102,5591;10,5;105,87123;110,97014;328
set/24;169107;45495;13210;2177;299765146;433904594;645017268;6328884466;347034466;82824079;107,8;95,3;255,45;257,58;136,65;24,67;99,59845;103,76151;107,33016;115,17581;105,82019;105,9283;104,1105;10,75;106,46068;112,00617;338,78
out/24;183253;48655;14792;2414;296162396;441406377;636173314;6402198505;348106151;89637728;104,8;95,9;301,13;303,93;139,71;24,84;97,41472;104,46382;106,27202;116,42918;104,64858;106,2851;104,2493;10,75;106,90375;112,36242;334,04
nov/24;174885;45647;13170;2444;297585270;439213554;649263087;6493617068;347165091;89737871;110,4;95,6;338,76;341,72;140,47;24,2;98,05518;103,83766;104,45593;116,53818;101,95983;107,0539;103,106;11,25;106,66595;113,07714;343,72
dez/24;139075;38683;10679;1694;307989416;437471889;658401592;6585709968;355858101;95355488;115,4;95,7;320,33;323,42;138,38;22,71;94,57585;104,59341;101,30521;112,70606;99,84056;107,6101;102,0366;12,25;106,44299;111,40352;356,81
jan/25;134940;30754;8041;1806;302888147;431634211;634765606;6609644205;351657035;88221561;116,9;94,5;324,95;328,38;129,56;21,54;96,76848;102,90413;105,27145;117,56116;103,46293;104,9514;103,0914;13,25;106,68139;113,15261;368,05
fev/25;160522;42384;11970;2485;303354497;442225511;633135750;6728340296;350712521;90210222;110,8;94,6;319,21;322,35;126,01;21,86;96,83762;103,83315;104,01062;114,26517;102,78546;108,2588;102,7132;13,25;107,31403;113,74504;365,48
mar/25;139165;36242;11720;2881;299519297;441337725;616681214;6736468033;348985969;94291423;110,9;94,3;312,47;315,78;127,95;22,28;96,32194;104,43878;108,06886;118,57935;106,06642;112,0265;103,6909;14,25;108,12739;112,91442;375,89
abr/25;168996;45350;11020;2874;299835035;442211182;633659326;6804993811;349780603;85283800;115,5;94;323,96;327,71;129,83;22,48;97,71674;105,19548;104,84178;118,91191;102,62829;113,936;102,9316;14,25;107,791;114,07391;352,18
mai/25;154956;44546;12327;2920;305188473;452598291;643993373;6875537184;353232343;98850930;112,8;94,2;308,15;311,81;128,14;22,6;95,67008;105,33911;103,10195;115,40417;101,55815;114,8222;102,4807;14,75;107,36469;111,88754;355,47
jun/25;144302;42393;11293;2776;;;;;358805635;92204528;105,2;92,5;313,51;317,13;129,06;23,28;;;;;;;;15;107,2742;111,34656;365,18
jul/25;;;;;;;;;;;;;302,2;306,06;129,96;23,57;;;;;;;;15;;;
