"","date","ABPO12_PAPEL12","ANBIMA12_TJTLN112","ANBIMA12_TJTLN1212","ANBIMA12_TJTLN312","ANBIMA12_TJTLN612","GM12_IBVSP12","BMF12_SWAPDI180F12","BMF12_SWAPDI36012","BMF12_SWAPDI360F12","BM12_ERCF12","BM12_TJOVER12","BM12_DTEEY12","BM12_DTEMY12","BM12_DTGFN12","BM12_DTGFY12","BM12_DTSPY12","PAN12_DTSPY12","IFS12_BEEFB12","IFS12_MAIZE12","IFS12_PETROLEUM12","IFS12_SOJAGP12","FCESP12_IIC12","FCESP12_IICA12","FCESP12_IICF12","GAC12_INDFBCFDESSAZ12","EIA366_PBRENT366","EIA366_PWTI366"
"1",2002-01-01,217456.369514311,19.1149227272727,20.4424636363636,19.1598454545455,19.4208727272727,-6.30478014288871,19.55,20.48,20.81,2.4175,1.53,2.61,17.45,427044.38,32.22,52.28,52.28,101.04545,91.96696,19.33058,160.05776,87.04,70.7,97.93,95.2536646969032,19.4168181818182,19.7147619047619
"2",2002-02-01,201430.861758146,19.0285944444444,20.0667277777778,19.0184777777778,19.1636555555556,10.3136545869035,18.48,19.91,18.96,2.3474,1.25,2.5,17.25,423143.19,31.69,51.43,51.43,102.95,90.72819,20.15817,160.19557,90.66,74.34,101.54,99.990916622265,20.2755,20.7236842105263
"3",2002-03-01,228087.98073349,18.647105,18.815825,18.54345,18.445225,-5.55120074111024,18.4,18.65,18.53,2.3228,1.37,2.38,17.21,422704.98,31.41,51.01,51.01,109.025,89.85795,23.82667,168.6934,91.3,77.69,100.37,108.662275180831,23.6966666666667,24.531
"4",2002-04-01,236295.649566349,18.54652,19.1000366666667,18.5651466666667,18.63954,-1.27508676625925,18.92,18.91,19.79,2.3617,1.48,2.35,17.1,427928.57,31.5,50.95,50.95,103.73864,87.10665,25.51076,171.35758,96,74.39,110.41,104.246062734707,25.7143333333333,26.1613333333333
"5",2002-05-01,232050.002025771,18.3847714285714,20.6924214285714,18.5470428571429,18.9030535714286,-1.71188383645395,18.47,20.32,19.9,2.5212,1.41,2.43,17.12,447092.35,32.62,52.17,52.17,96.46739,90.33131,25.71971,176.64001,96.15,74.99,110.25,101.862694815725,25.6622580645161,27.1874193548387
"6",2002-06-01,207082.145991823,18.7860966666667,26.0374366666667,19.7860733333333,21.7948066666667,-13.3893165383718,22.64,25.71,26.21,2.8436,1.33,2.53,17.32,481821.31,34.68,54.54,54.54,93.89474,93.1698,24.57333,185.36751,84.4,66.6,96.27,104.930817049569,23.9455172413793,25.4183333333333
"7",2002-07-01,220813.654664849,18.8004064516129,28.4159290322581,20.1969677419355,23.9431516129032,-12.3619714516563,26.13,27.38,29.01,3.4277,1.54,2.82,17.85,535669.06,38.12,58.79,58.79,96.90476,99.7,25.76043,209.09254,93.81,77.16,104.91,107.392165107473,25.7403225806452,26.919
"8",2002-08-01,241565.85007434,19.049935483871,28.7962741935484,21.5235612903226,25.1884096774194,6.35115754968245,21.22,26.31,23.42,3.0215,1.44,2.58,17.78,504766.7,35.55,55.91,55.91,95.72727,109.891,26.74076,208.21979,89.8,69.76,103.16,103.222083399899,26.5054838709677,28.1906451612903
"9",2002-09-01,228638.990317185,18.55238,27.3110566666667,20.6820233333333,24.25733,-16.9524176459256,24.96,25.51,29.94,3.8941,1.38,2.96,18.57,587662.06,40.91,62.45,62.45,92.5625,113.94145,28.32413,208.21979,99.22,76.92,114.09,105.064284592628,28.2226666666667,29.463
"10",2002-10-01,240592.524755297,21.0656935483871,31.8643064516129,23.8898903225806,26.9542290322581,17.919276270007,26.13,29.58,29.7,3.6442,1.65,2.74,18.54,568616.41,39.12,60.4,60.4,86.967,109.64681,27.44826,200.08943,94.91,70.85,110.95,106.91387047156,27.8816129032258,29.1561290322581
"11",2002-11-01,232164.951870896,22.9080133333333,33.5866433333333,25.6393366666667,28.8193966666667,3.35398839382315,27.61,31.18,30.9,3.6357,1.54,2.63,18.8,565261.7,38.41,59.85,59.85,81.5625,108.64643,24.65048,210.21792,98.68,69.21,118.33,106.773721168341,24.323,26.3658620689655
"12",2002-12-01,192793.380460909,25.1124689655172,32.2011896551724,26.9132689655172,28.7698931034483,7.23258469737342,27.52,30.16,29.07,3.5325,1.74,2.59,19.68,560828.82,37.67,59.93,59.93,84,107.01265,27.96303,208.24275,102.92,74.45,121.89,108.466380260098,27.8403571428571,28.9962068965517
"13",2003-01-01,192570.97749969,25.8481,28.1197068965517,26.1359655172414,26.4243344827586,-2.90202342917998,27.5,27.3,29.13,3.525,1.97,2.65,19.74,564412.4,37.57,59.97,59.97,85.35,105.84426,30.53391,208.6736,102.97,74.59,121.88,108.535310326611,31.1465517241379,32.858275862069
"14",2003-02-01,188701.415865444,26.3771642857143,29.6848321428571,27.7574892857143,28.9379857142857,-6.04149529293483,28.2,29.44,29.24,3.5624,1.83,2.66,19.81,575040.65,37.78,60.26,60.26,83.75,106.14108,32.926,209.61314,103.53,75.49,122.22,103.941577380357,32.4267857142857,35.4432142857143
"15",2003-03-01,198670.81602032,26.7636466666667,28.1380866666667,27.3107033333333,27.5660933333333,9.65953307392997,26.85,27.62,27.14,3.3523,1.78,2.55,19.7,558910.11,36.21,58.46,58.46,83.875,105.13188,30.30286,210.22208,101.89,71.92,121.87,100.757720893033,31.2406451612903,34.0541935483871
"16",2003-04-01,197587.538675505,26.1701133333333,25.63649,25.8666866666667,25.57356,11.3811762618646,24.34,25.21,23.96,2.889,1.87,2.3,19.5,510678,32.64,54.44,54.44,82.625,105.33809,25.6503,221.70886,107.66,78.81,126.89,100.149022016373,25.4233333333333,28.6943333333333
"17",2003-05-01,191781.322041878,26.01812,23.5864433333333,25.40043,24.5331133333333,6.88913666772857,24.45,23.29,23.53,2.9648,1.97,2.37,19.32,526104.73,33.28,54.96,54.96,79.3,107.9064,26.08515,232.41265,112.04,79.29,133.87,95.1434375661295,25.5635483870968,27.8241935483871
"18",2003-06-01,179963.978181142,25.8241379310345,22.7230896551724,25.157575862069,24.0292103448276,-3.34550331569927,22.94,22.29,21.99,2.8712,1.86,2.32,19.06,527220.13,33.05,54.42,54.42,78.25,107.0253,27.98683,229.77498,116.81,82.37,139.77,95.9884012574984,27.4656666666667,30.558
"19",2003-07-01,187304.525356214,24.8110516129032,21.3590451612903,23.5472322580645,22.4187967741935,4.61763798951589,21.87,20.92,21.32,2.9647,2.08,2.28,18.94,546644.87,33.89,55.11,55.11,81,97.67066,28.66174,214.03205,111.47,75.02,135.77,94.9195929134284,28.3638709677419,30.7141935483871
"20",2003-08-01,193521.812631644,22.9551225806452,21.2700225806452,21.9463935483871,21.4579193548387,11.8119519563776,19.5,20.75,18.99,2.9657,1.77,2.3,18.78,560887.02,34.42,55.49,55.49,91.125,100.34958,29.72746,208.21867,109.37,74.55,132.59,96.7567663283006,29.6196774193548,31.371935483871
"21",2003-09-01,206193.783601784,20.02506,18.8497766666667,19.3531366666667,19.0517133333333,5.50942401476209,18.16,18.38,18.06,2.9226,1.68,2.23,18.59,561166.35,33.91,54.73,54.73,97,103.23846,26.93273,231.69965,106.41,75.49,127.03,101.297827388271,27.2293333333333,28.547
"22",2003-10-01,221253.462767935,19.182064516129,18.0087838709677,18.4605193548387,18.0530096774194,12.317301686446,17.7,17.61,17.59,2.8554,1.64,2.14,18.47,557506.39,33.18,53.8,53.8,98.4,104.20595,29.02029,268.98785,104.72,76.84,123.31,103.725441838201,29.5864516129032,30.3193548387097
"23",2003-11-01,214009.123615413,18.0583866666667,17.3643133333333,17.5131966666667,17.2844233333333,12.2400177955734,16,17.01,16.02,2.9486,1.34,2.19,18.44,570562.83,33.58,54.22,54.22,110.75,108.10048,29.10517,279.72109,108.68,79.68,128.02,105.546493805786,28.7083333333333,30.9041379310345
"24",2003-12-01,184808.11458927,16.31827,15.9419366666667,15.93411,15.7828866666667,10.1719268691473,15.77,15.78,15.88,2.8884,1.37,2.13,18.44,578748,33.69,54.26,54.26,105.4,111.99221,29.97478,283.18537,115.33,85.59,135.15,96.5510070560143,29.779,32.0396666666667
"25",2004-01-01,196924.078156362,15.9519433333333,15.4934566666667,15.77558,15.56045,-1.73142651556035,16.03,15.35,15.73,2.9401,1.27,2.06,18.36,583404.26,33.63,54.05,54.05,107.06,116.24559,31.39667,300.89875,124.16,95.66,143.15,103.539422328789,31.266,34.189
"26",2004-02-01,192492.261844877,16.215725,15.648925,16.0559142857143,15.8967857142857,-0.439339160679142,15.93,15.54,15.73,2.913,1.08,2.04,18.34,583282.34,33.43,53.8,53.8,99.5,122.93243,31.45033,316.55181,123.4,93.94,143.04,105.250794997182,30.6486206896552,34.5231034482759
"27",2004-03-01,224723.198853921,16.121135483871,15.5521677419355,15.9296161290323,15.7428741935484,1.77890140197656,15.32,15.35,15.24,2.9078,1.38,2,18.3,580776.28,32.9,53.19,53.19,97.25,128.46019,33.58058,360.67536,113.29,85.92,131.54,107.899963174029,33.6632258064516,36.7593548387097
"28",2004-04-01,214328.984054021,15.8709142857143,15.6708357142857,15.6776892857143,15.5266785714286,-11.4488302773011,15.51,15.5,15.83,2.9439,1.18,1.96,18.25,583277.06,32.7,52.91,52.91,102.1,133.4395,33.90364,363.50455,108.01,82.9,124.76,109.565686669612,33.3466666666667,36.5968333333333
"29",2004-05-01,221419.64026143,15.7773419354839,17.7826580645161,16.0058903225806,16.6250322580645,-0.321313816494107,17.57,17.72,18.8,3.1283,1.23,1.89,18.42,597730.92,33.14,53.45,53.45,114.625,129.28522,37.53762,347.87098,124.23,100.38,140.14,108.462285229006,37.2948387096774,39.9306451612903
"30",2004-06-01,223547.461851072,15.8329,18.1826931034483,16.2097379310345,17.011575862069,8.20712239050347,16.53,17.82,17.03,3.1067,1.23,1.78,18.44,596267.76,32.61,52.83,52.83,116.75,123.27875,35.68258,320.2297,117.07,93.86,132.55,109.036157901382,35.5513333333333,38.2903333333333
"31",2004-07-01,236466.824879197,15.8299322580645,17.2618193548387,16.0775225806452,16.6246516129032,5.61755248723284,16.88,17.03,17.61,3.026,1.29,1.67,18.36,593278.72,32.04,52.07,52.07,120.3,104.49449,37.9853,289.78531,118.5,98,132.17,110.46867453353,37.4309677419355,40.1006451612903
"32",2004-08-01,232734.703277165,15.9561741935484,18.0170064516129,16.328035483871,17.1127774193548,2.09079512893984,17.21,17.79,17.97,2.933,1.29,1.58,18.27,592478.9,31.59,51.44,51.44,126.75,104.09314,41.92439,225.79004,120.72,94.22,138.39,110.986920452888,42.7567741935484,44.9293548387097
"33",2004-09-01,224383.347137901,16.3149655172414,18.1674689655172,16.760824137931,17.4353482758621,1.93834144630092,17.07,17.75,17.4,2.8578,1.25,1.58,18.23,588017.42,31.04,50.86,50.86,127.875,97.72691,41.71955,206.4471,128.43,95.3,150.52,111.78428981358,42.5376666666667,45.0863333333333
"34",2004-10-01,228845.150365506,16.6227,17.90073,17.05565,17.5383333333333,-0.830286083028609,17.75,17.59,17.92,2.8557,1.21,1.56,18.15,592924.92,31.04,50.75,50.75,119.5,93.41515,47.03937,193.43371,141.92,112.37,161.62,109.777526016071,49.5590322580645,52.9216129032258
"35",2004-11-01,225926.423863214,17.2428620689655,18.302975862069,17.7851689655172,18.1782517241379,9.00572618427902,17.98,17.99,17.85,2.7299,1.25,1.55,17.95,590792.38,30.56,50.05,50.05,118.375,93.75851,42.33318,195.81768,144.96,112.38,166.68,115.558448337923,43.3416666666667,48.6310344827586
"36",2004-12-01,210599.361361665,17.6669322580645,18.0577903225806,18.1145,18.2982064516129,4.2502387774594,18.29,17.69,17.83,2.6536,1.48,1.53,17.93,601477.71,30.72,50.19,50.19,116.8,95.60852,39.12739,198.59095,140.41,120.05,153.99,101.996914946006,39.9087096774194,43.6406451612903
"37",2005-01-01,201711.43,18.1790806451613,18.5334032258065,18.6677774193548,18.8794677419355,-8.5051152847763,19.18,18.31,18.83,2.624,1.38,1.46,17.56,603635.49,30.53,49.56,49.56,115.25,96.03876,43.16222,195.6648,145.02,124.12,158.95,108.230878554536,43.838064516129,46.391935483871
"38",2005-02-01,193487.68,18.801962962963,19.041962962963,19.2903148148148,19.4498814814815,17.4023698264352,19.1,18.7,18.46,2.5942,1.22,1.46,17.4,607554.64,30.45,49.3,49.3,117.375,94.35939,44.4615,197.58925,146.48,124.11,161.39,106.271869105262,45.0232142857143,47.9878571428571
"39",2005-03-01,226011.43,19.3493935483871,19.0143774193548,19.5065967741935,19.5416096774194,-5.43373964959665,19.56,18.78,19.19,2.6654,1.53,1.47,17.34,613739.76,30.49,49.31,49.31,120,100.01401,51.13261,233.18053,144.95,124.81,158.37,107.954382640202,52.9783870967742,53.8354838709677
"40",2005-04-01,225671.4,19.5423724137931,19.4419862068966,19.7630620689655,19.8203206896552,-6.64036076662908,19.64,19.22,19.16,2.5305,1.41,1.39,17.27,602637.25,29.66,48.32,48.32,118.2,96.47087,50.91238,228.76453,141.75,121.18,155.46,108.223666980332,51.8586666666667,53.2416666666667
"41",2005-05-01,229421.61,19.7761066666667,19.1919633333333,19.9768733333333,19.8735933333333,1.46520146520146,19.53,18.91,18.65,2.403,1.5,1.29,17.07,606148.71,29.58,47.94,47.94,121.45,95.36481,48.09394,233.46247,133.62,115.2,145.9,112.101056731127,48.8358064516129,49.7654838709677
"42",2005-06-01,233509.36,20.1263633333333,18.6643733333333,20.0426233333333,19.6393166666667,-0.618875709128419,19.18,18.39,18.15,2.3496,1.59,1.29,16.88,617106.93,29.86,48.04,48.04,120.325,97.61528,54.08121,254.7424,132.74,113.5,145.56,117.07336058854,53.491,55.7683333333333
"43",2005-07-01,226037.55,19.8952903225806,18.3461,19.7559419354839,19.2302387096774,3.95592990299789,18.93,18.16,18.33,2.3897,1.51,1.31,16.77,625108.05,30.05,48.14,48.14,122.6,105.66429,56.43667,253.34781,133.21,114.57,145.63,110.423697511813,57.308064516129,58.8341935483871
"44",2005-08-01,236182.91,19.7667064516129,18.4510677419355,19.5856516129032,19.0372516129032,7.68758159895553,18.79,18.22,18.32,2.3629,1.66,1.27,16.55,632483.03,30.14,47.95,47.95,120,99.28664,61.91783,230.42693,124.89,116.31,130.62,112.624162708017,63.3990322580645,64.2561290322581
"45",2005-09-01,236434.77,19.7060678571429,18.287175,19.3509321428571,18.8491964285714,12.6194551419198,18.52,18,17.91,2.2214,1.5,1.21,16.27,637990.27,30.18,47.65,47.65,120.3,97.07077,61.94924,212.01552,109.24,103.08,113.35,111.627216180169,63.4013333333333,65.9626666666667
"46",2005-10-01,230108.38,19.2395931034483,18.0637137931034,18.9065586206897,18.4579068965517,-4.40110185859481,17.9,17.8,17.6,2.2535,1.41,1.2,16.15,643705.54,30.18,47.53,47.53,116.5,101.55125,58.2873,211.16692,107.65,99.51,113.07,109.529686722124,58.9745161290323,62.8154838709677
"47",2005-11-01,234645.62,18.6497222222222,17.4767925925926,18.2033592592593,17.7636222222222,5.7066207399066,17.13,17.16,16.75,2.2062,1.38,1.15,16.01,650952.31,30.26,47.42,47.42,117.25,95.97971,55.05303,210.90009,117.23,115.68,118.26,111.545843722407,55.779,58.5810344827586
"48",2005-12-01,221466.72,18.1993677419355,16.8038580645161,17.7351387096774,17.2130612903226,4.82203283619502,16.87,16.51,16.38,2.3399,1.47,1.19,16.13,664223.62,30.6,47.92,47.92,115.5,102.67605,56.58773,216.54287,130.16,126.32,132.73,113.985910255469,56.424,59.181935483871
"49",2006-01-01,222210.64,17.6305225806452,16.299535483871,17.2552903225806,16.7331516129032,14.7272455537289,16.21,16.05,15.83,2.2152,1.43,1.13,15.91,674374.64,30.78,47.82,47.82,113.625,102.79041,62.33576,214.00909,131.52,125.79,135.33,116.023181792607,62.2567741935484,64.6803225806452
"50",2006-02-01,210487.65,17.0653285714286,15.6743178571429,16.6271285714286,16.1121142857143,0.594028450836337,15.69,15.52,15.23,2.1347,1.15,1.1,15.86,680573.57,30.83,47.78,47.78,114.75,106.9365,59.8955,214.36565,138.03,128.1,144.65,118.280370295374,60.5653571428571,62.0021428571429
"51",2006-03-01,239426.22,16.5911666666667,15.0882966666667,16.02518,15.5486066666667,-1.70681170681171,15.23,14.98,14.84,2.1716,1.42,1.09,15.74,685942.22,30.83,47.66,47.66,111.9,104.95208,61.36391,212.71407,137.75,130.2,142.79,118.678929212018,61.4564516129032,62.1261290322581
"52",2006-04-01,222462.3,16.0190766666667,14.8112366666667,15.49828,15.10688,6.35556375326078,14.91,14.7,14.68,2.0884,1.08,1.05,15.59,681906.94,30.5,47.14,47.14,112.575,107.91035,68.18367,208.90244,132.38,128.72,134.82,115.967450183422,69.687,69.043
"53",2006-05-01,241035.3,15.5210322580645,15.0133193548387,15.2667451612903,15.0608548387097,-9.49632088794192,15.22,15,15.48,2.2997,1.28,1.11,15.54,685517.66,30.38,47.02,47.02,112.5,110.62468,68.92348,217.35569,138.2,131.57,142.62,117.184123582367,69.9774193548387,70.8174193548387
"54",2006-06-01,227979.67,15.2234310344828,15.3001482758621,15.0687724137931,14.9885275862069,0.273747604708463,14.66,15.16,14.78,2.1635,1.18,1.03,15.45,692516.85,30.49,46.96,46.96,111.7,109.61236,68.45167,216.5039,134.4,124.52,140.98,116.945093534211,68.045,70.726
"55",2006-07-01,225640.41,14.8982483870968,14.6813935483871,14.6564193548387,14.5571032258065,1.22031122031121,14.4,14.57,14.48,2.1754,1.17,1.02,15.36,698395.18,30.45,46.83,46.83,115.125,114.30561,72.47206,217.25172,134.17,127.95,138.32,118.477990516922,73.3958064516129,74.2783333333333
"56",2006-08-01,240898.03,14.5495064516129,14.4001290322581,14.4141903225806,14.3644064516129,-2.27,13.96,14.31,13.95,2.138,1.26,0.9,15.26,705073.5,30.45,46.62,46.62,117.625,115.27729,71.7658,203.84366,128.24,120.06,133.69,116.070602360783,73.8716129032258,73.3893548387097
"57",2006-09-01,236614.16,14.1936103448276,13.8350482758621,13.9834620689655,13.8322137931034,0.59,13.58,13.69,13.57,2.1734,1.06,0.88,15.2,712532.15,30.5,46.57,46.57,117.5,120.26989,62.08556,199.30701,131.36,125.03,135.58,117.481077622295,62.7873333333333,64.8083333333333
"58",2006-10-01,250112.09,13.8574533333333,13.3815,13.60482,13.44137,7.71,13.13,13.27,13.01,2.1422,1.09,0.88,15.01,715480.7,30.28,46.17,46.17,117.875,142.26241,57.99273,217.88597,132.29,123.59,138.1,119.453764026242,58.0358064516129,59.2822580645161
"59",2006-11-01,246953.04,13.5251222222222,13.0194481481481,13.3341481481481,13.1675148148148,6.79,12.89,12.94,12.75,2.166,1.02,0.82,14.95,721825.71,30.24,46.01,46.01,121.25,164.1064,58.44682,244.00004,134.62,125.09,140.97,120.684671759436,58.3193333333333,58.9206896551724
"60",2006-12-01,218327.13,13.1867096774194,12.6350225806452,13.0190903225806,12.8038870967742,6.06,12.6,12.53,12.38,2.1372,0.99,0.84,15.1,735799.88,30.54,46.49,46.49,121.2,160.72073,60.90127,243.3076,127.5,121.31,131.63,123.185545914322,62.4256666666667,61.9312903225806
"61",2007-01-01,227472.88,13.0214806451613,12.4529032258065,12.8073612903226,12.6240387096774,0.38,12.54,12.4,12.36,2.1239,1.08,0.84,14.91,735219.2,30.2,45.95,45.95,119.25,165.16002,53.7071,255.86738,133.89,136.75,131.98,124.878700118882,53.8448387096774,54.6277419354839
"62",2007-02-01,218231.64,12.8639444444444,12.2406222222222,12.7095296296296,12.4838111111111,-1.67,12.31,12.14,12.1,2.1174,0.87,0.83,14.8,743454.49,30.23,45.86,45.86,118.375,177.38489,57.70583,278.03861,134.39,138.17,131.86,127.952621762296,57.0439285714286,58.6921428571429
"63",2007-03-01,258546.73,12.7100322580645,12.0514290322581,12.5443806451613,12.3297419354839,4.35,12.14,11.96,11.85,2.0496,1.05,0.82,14.58,756150.64,30.41,45.81,45.81,118.4,169.58327,60.64258,276.95981,127.87,132.37,124.87,127.719623718821,61.3838709677419,60.2174193548387
"64",2007-04-01,250282.2,12.5008833333333,11.71636,12.2948033333333,12.0639966666667,6.88,11.77,11.58,11.31,2.0331,0.94,0.8,14.33,753917.32,29.95,45.08,45.08,117.625,152.63057,65.17857,270.3923,127.97,135.81,122.74,130.615323613024,67.5263333333333,63.8416666666667
"65",2007-05-01,258739.37,12.2823633333333,11.1472466666667,12.0152166666667,11.66086,6.76,11.44,11.06,10.99,1.9281,1.03,0.78,14.11,772360.73,30.34,45.23,45.23,116.625,160.13916,65.23652,283.20624,126.49,136.67,119.71,131.512117288803,67.1387096774194,63.5987096774194
"66",2007-06-01,249249.62,11.8976827586207,10.9326137931034,11.6656172413793,11.3588379310345,4.06,11.17,10.86,10.77,1.9254,0.91,0.8,13.91,774910.42,30.09,44.8,44.8,119,164.53726,68.10095,302.82933,129.77,138.41,124,132.460276698173,70.672,66.8703333333333
"67",2007-07-01,242144.82,11.5907258064516,10.8424838709677,11.3362838709677,11.0946,-0.38,11.04,10.82,10.94,1.8768,0.97,0.83,13.72,785558.41,30.18,44.73,44.73,117.5,147.2164,73.4347,313.47625,130.12,140.19,123.4,132.920385304229,76.4968965517241,73.4165517241379
"68",2007-08-01,246804.93,11.3564064516129,11.3492967741935,11.2578806451613,11.2318838709677,0.83,11.21,11.33,11.36,1.9612,0.99,0.79,13.64,779456.16,29.66,44.09,44.09,118.4,151.03079,70.34812,309.00653,130.3,136.44,126.21,134.576846660794,71.2651612903226,72.7138709677419
"69",2007-09-01,239969.84,11.1460866666667,11.3490133333333,11.1161233333333,11.1611133333333,10.66,11.04,11.28,11.16,1.8381,0.8,0.75,13.68,798767.91,30.15,44.59,44.59,118.25,160.12503,76.61667,347.56156,131.81,141.09,125.63,132.682207834978,76.1116666666667,78.8076666666667
"70",2007-10-01,258063.18,11.1246225806452,11.2793516129032,11.0983967741935,11.1584516129032,8.02,11.17,11.24,11.31,1.7432,0.93,0.76,13.61,809074.8,30.24,44.6,44.6,115.875,164.1141,82.12464,358.40284,133.34,147.02,124.23,136.448269197646,81.5287096774194,85.0629032258065
"71",2007-11-01,246685.49,11.1630931034483,11.466124137931,11.1786448275862,11.2467517241379,-3.53,11.33,11.46,11.59,1.7829,0.84,0.77,13.61,802270.82,29.73,44.11,44.11,117.66,171.11394,91.32379,389.01518,136.25,150.14,127,136.172888098501,92.3751724137931,94.9755172413793
"72",2007-12-01,212546.65,11.07033,11.84341,11.21512,11.4195366666667,1.4,11.45,11.84,12.05,1.7705,0.84,0.8,13.72,816680.81,30.02,44.55,44.55,119.5,180.28326,89.85095,423.08074,139.9,145.79,135.97,139.186338603852,90.8946428571429,91.5136666666667
"73",2008-01-01,232587.99,11.1592433333333,12.06476,11.2405466666667,11.4802733333333,-6.88,11.55,12.02,12.08,1.7595,0.93,0.78,13.73,802152.55,29.21,43.71,43.71,121.325,206.5588,90.76565,461.71521,142.61,153.64,135.26,142.835416980091,92.3243333333333,93.2996666666667
"74",2008-02-01,226715.79,11.1820464285714,11.9780642857143,11.2561928571429,11.4893857142857,6.72,11.46,11.92,11.92,1.6825,0.8,0.76,13.63,816488.34,29.4,43.79,43.79,127.7,220.0476,93.38302,508.21589,146.9,153.55,142.47,140.619737995509,93.99,94.2813793103448
"75",2008-03-01,243168.8,11.1978677419355,12.3151064516129,11.3397548387097,11.6651838709677,-3.97,11.99,12.33,12.69,1.7483,0.84,0.79,13.56,802462.43,28.65,43,43,106.7,233.92593,101.67984,495.69088,147.72,153.75,143.7,144.7143049244,103.11,105.08935483871
"76",2008-04-01,250094.24,11.4782233333333,12.8873666666667,11.7606066666667,12.18389,11.31,12.5,12.89,13.21,1.6864,0.9,0.77,13.45,810855.61,28.6,42.82,42.82,103.75,246.64186,108.74409,482.79134,148.56,157.13,142.86,147.171893704076,108.116333333333,111.504666666667
"77",2008-05-01,258663.43,11.8532068965517,13.7202689655172,12.2461103448276,12.7565586206897,6.96,12.93,13.72,13.75,1.6286,0.88,0.76,13.38,827042.31,28.88,43.03,43.03,124.2,243.53177,122.94985,489.08927,147.36,155.13,142.19,147.45036625038,121.51935483871,124.287741935484
"78",2008-06-01,256444.66,12.1629,14.13145,12.5126866666667,13.0558566666667,-10.44,13.34,14.14,14.45,1.5911,0.96,0.75,13.4,833290.32,28.74,42.89,42.89,129.5,287.13207,131.63476,552.47215,142.59,152.22,136.17,155.211285345545,130.906,132.723333333333
"79",2008-07-01,261650.84,12.4842677419355,14.604864516129,12.9222129032258,13.5438741935484,-8.47,13.92,14.57,14.66,1.5658,1.07,0.74,13.42,840320.06,28.58,42.74,42.74,133,267.14145,132.54203,554.14928,131.23,140.16,125.28,156.182241942042,134.030967741935,134.895161290323
"80",2008-08-01,250440.8,13.0948161290323,14.6445612903226,13.471864516129,14.0454193548387,-6.42,14.18,14.57,14.57,1.6336,1.02,0.75,13.42,828429.12,27.85,42.02,42.02,135.5,235.15947,114.37222,471.06736,137.05,140.48,134.76,157.833553012707,114.694838709677,117.954193548387
"81",2008-09-01,253966.45,13.5535,14.7413,13.93288,14.3342833333333,-11.02,14.3,14.65,14.43,1.9135,1.1,0.78,13.28,782228.72,25.9,39.96,39.96,129.4,233.94561,99.82515,433.38319,141.28,138.99,142.81,156.476655745251,98.6936666666667,105.375333333333
"82",2008-10-01,269947.04,13.8027032258065,14.8981580645161,14.1005451612903,14.4211193548387,-24.79,14.6,14.92,15.34,2.1145,1.18,0.79,13.25,742600.11,24.27,38.3,38.3,115.91667,183.0247,71.92783,338.7849,140.46,139.59,141.04,159.301516076735,74.8216129032258,79.7996774193548
"83",2008-11-01,241455.34,13.75636,15.13795,14.0063233333333,14.4863166666667,-1.77,14.11,14.91,14.43,2.3323,1.02,0.81,13.32,704795.45,22.82,36.95,36.95,115,164.3044,53.1925,329.13653,133.85,131.73,135.27,143.194340409215,53.6955172413793,58.4458620689655
"84",2008-12-01,203722.43,13.6360466666667,13.06614,13.4257433333333,13.25487,2.6,12.69,12.91,12.17,2.3362,1.12,0.8,13.34,728326.78,23.42,37.57,37.57,111.25,158.9098,40.19188,318.81423,128.66,120.39,134.18,130.912055214051,40.8823333333333,41.8743333333333
"85",2009-01-01,210099.93,13.15752,11.67089,12.6606466666667,12.1703433333333,4.66,11.52,11.5,11.16,2.3154,1.05,0.81,13.23,749887.36,24.02,38.05,38.05,114.125,173.29513,42.85076,364.71797,125.16,119.62,128.85,129.364537864036,42.4956666666667,41.5483333333333
"86",2009-02-01,205683.25,12.4054814814815,11.1104185185185,11.9039925925926,11.4057444444444,-2.84,10.89,11,10.62,2.3776,0.86,0.84,13.19,751727.35,24,38.02,38.02,107.125,163.39996,41.373,341.27162,134.12,130.38,136.62,127.347707450557,43.2832142857143,38.8878571428571
"87",2009-03-01,239086.61,11.345135483871,10.2431225806452,10.7861516129032,10.4665677419355,7.18,9.83,10.07,9.79,2.3144,0.97,0.82,13.05,762159.28,24.17,38.04,38.04,112.375,164.57703,46.43409,333.65785,130.88,117.53,139.77,131.696443685407,46.2306451612903,47.3993548387097
"88",2009-04-01,229109.19,10.7195379310345,9.96286206896552,10.0922482758621,9.87603793103448,15.54,9.73,9.91,9.89,2.1775,0.84,0.84,12.88,789076.06,24.94,38.65,38.65,115.5,168.79591,49.75697,374.46642,126.33,118.16,131.77,135.354958337968,50.1626666666667,49.6566666666667
"89",2009-05-01,242962.4,10.0366419354839,9.64662580645161,9.7138935483871,9.53579677419355,12.49,9.22,9.51,9.34,1.9722,0.77,0.83,12.72,829480.45,26.11,39.66,39.66,119.6,180.07021,58.03048,422.35505,128.95,120.69,134.45,137.30638353257,56.3570967741936,57.8806451612903
"90",2009-06-01,243618.09,9.29315862068965,9.37551724137931,9.08242068965517,9.0528,-3.26,8.79,9.3,9.23,1.9508,0.76,0.77,12.67,845869.65,26.53,39.98,39.98,122.125,179.39379,68.70197,445.10817,139.99,128.53,147.63,140.845316229461,68.4086666666667,69.385
"91",2009-07-01,253430.14,8.94893548387097,9.1762,8.77224193548387,8.76536774193548,6.41,8.7,9.09,9.21,1.8718,0.79,0.76,12.63,871504.21,27.25,40.64,40.64,124,151.80026,64.87841,398.08876,145.01,134.55,151.99,144.944152465019,64.1354838709677,64.1861290322581
"92",2009-08-01,252681.05,8.67659032258065,9.21386774193548,8.68861935483871,8.73034838709677,3.15,8.72,9.15,9.2,1.8856,0.69,0.76,12.54,878172.58,27.34,40.63,40.63,124,152.03629,71.80397,408.95738,145.61,134.83,152.8,150.016055123622,72.2209677419355,70.6277419354839
"93",2009-09-01,268038.27,8.74387666666667,9.39772,8.69255333333333,8.78043666666667,8.9,8.82,9.36,9.65,1.7773,0.69,0.72,12.46,916177.62,28.38,41.56,41.56,124.125,150.59279,68.15258,349.05203,148.81,141.86,153.44,156.949068011359,68.2226666666667,69.832
"94",2009-10-01,287707.11,8.90896129032258,9.95737741935484,8.64028387096774,8.87431612903226,0.05,8.9,9.87,9.93,1.7432,0.69,0.71,12.38,921382.5,28.33,41.42,41.42,120.5,167.27912,74.00515,354.86481,157.15,148.45,162.94,160.324432742821,71.8238709677419,74.8054838709677
"95",2009-11-01,274842.3,8.77065666666667,9.96129,8.58731,8.85355666666667,8.93,9.07,9.94,10.12,1.7497,0.66,0.7,12.28,919512.5,27.96,40.94,40.94,125,171.68685,77.33825,370.70719,155.79,146.55,161.95,163.517681552471,76.7068965517241,78.2324137931034
"96",2009-12-01,256076.26,8.61999032258064,10.3223516129032,8.61077741935484,9.07299032258065,2.3,9.21,10.28,10.46,1.7404,0.73,0.71,12.19,932535.29,27.98,40.88,40.88,127,164.61282,74.69203,379.29937,156.63,150.53,160.69,164.780345904708,74.4554838709677,74.3596774193548
"97",2010-01-01,243485.71,8.6185935483871,10.4541161290323,8.68787096774193,9.2188064516129,-4.65,9.38,10.41,10.46,1.874,0.66,0.73,12.06,903896.84,26.8,39.59,39.59,133.875,167.33563,77.09619,358.96661,160.47,154.75,164.28,165.175488675909,76.6003225806452,78.6854838709677
"98",2010-02-01,242443.85,8.62894814814815,10.5251888888889,8.87706666666667,9.44641481481482,1.68,9.81,10.52,10.75,1.8102,0.59,0.69,11.98,926827.67,27.15,39.82,39.82,141.75,161.90696,74.646,344.66074,161.43,160.75,161.87,166.566218866818,73.6421428571429,76.2025
"99",2010-03-01,282441.6,8.83272903225807,10.8221806451613,9.1313935483871,9.74144516129032,5.82,9.84,10.78,10.85,1.7802,0.76,0.66,11.87,948069.64,27.37,39.91,39.91,152.1,158.92777,79.63942,348.94933,159.92,159.98,159.88,169.489972257273,78.6364516129032,81.0403225806452
"100",2010-04-01,265816.3,9.06903928571429,11.1199857142857,9.44814642857143,10.0725035714286,-4.04,10.77,11.17,11.66,1.7298,0.67,0.66,11.72,951442.44,27.09,39.47,39.47,164.75,157.26664,84.31273,357.63868,154.66,146.53,160.08,168.531589385794,84.1916666666667,84.2526666666667
"101",2010-05-01,291017.66,9.59789677419355,11.6964,10.0733483870968,10.7280451612903,-6.64,10.86,11.63,11.54,1.8159,0.75,0.66,11.66,948538.76,26.65,38.97,38.97,157.75,163.2403,75.36984,349.05137,155.77,152.48,157.96,169.152829763863,77.2677419354839,75.1367741935484
"102",2010-06-01,278857.84,10.1969965517241,11.7708517241379,10.5442655172414,11.0602,-3.34,11.34,11.73,11.86,1.8007,0.79,0.67,11.69,956157.06,26.53,38.89,38.89,144.80556,152.87393,74.945,348.51399,160.55,155.73,163.76,170.728133550342,74.555,75.078
"103",2010-07-01,278207.52,10.6901903225806,11.6223419354839,10.8728258064516,11.1608838709677,10.8,10.81,11.51,11.16,1.7564,0.86,0.66,11.59,976425.16,26.74,38.99,38.99,145.38636,163.92175,74.82106,370.97577,157.16,153.99,159.27,170.402699936315,75.3367741935484,76.1661290322581
"104",2010-08-01,272884.63,10.8111806451613,11.2624709677419,10.7042870967742,10.8199612903226,-3.51,10.77,11.18,11.1,1.7552,0.89,0.65,11.48,985808.53,26.63,38.76,38.76,152.5,175.60013,76.01515,379.46221,164.5,163.38,165.25,172.127284051981,77.1732258064516,76.9774193548387
"105",2010-09-01,274191.25,10.7944379310345,11.2575793103448,10.6389965517241,10.752375862069,6.58,10.76,11.19,11.28,1.6934,0.85,0.61,11.45,980783.76,26.16,38.22,38.22,152.5,205.83952,76.3397,390.23122,162.62,164.11,161.62,179.323847011704,77.5013333333333,74.8393333333333
"106",2010-10-01,284768.28,10.9568516129032,11.3121903225806,10.6564612903226,10.7426838709677,1.79,10.79,11.18,11.21,1.7006,0.81,0.61,11.44,979357.14,25.84,37.89,37.89,154.75,235.70312,81.89429,427.17613,155.37,155.58,155.23,172.178015850245,82.27,81.3841935483871
"107",2010-11-01,278229.2,10.849575862069,11.6211310344828,10.7109448275862,10.9619206896552,-4.2,11.46,11.54,11.94,1.7153,0.81,0.61,11.41,989010.62,25.75,37.77,37.77,156.5,238.23675,84.46818,459.96114,160.06,159.91,160.16,177.20726979034,85.1703448275862,84.1668965517241
"108",2010-12-01,255580.63,10.7533580645161,12.1059,10.9882258064516,11.4545322580645,2.36,11.6,11.98,12.03,1.6654,0.93,0.62,11.6,1001116.78,25.76,37.98,37.98,173.02778,250.62555,90.18623,483.75586,164.26,162.82,165.22,177.362778059414,90.7616129032258,88.6683870967742
"109",2011-01-01,247436.39,11.0834870967742,12.3929677419355,11.3920129032258,11.8328548387097,-3.94,12.03,12.32,12.44,1.6726,0.86,0.64,11.46,1000711.9,25.47,37.57,37.57,185.625,265.28552,93.05937,511.10487,160.83,156.53,163.71,175.817861449702,96.0322580645161,89.2983870967742
"110",2011-02-01,245627.55,11.4754,12.5657071428571,11.7491178571429,12.09945,1.22,12.33,12.48,12.62,1.6604,0.84,0.62,11.37,1014687.71,25.51,37.49,37.49,183.725,293.3968,97.77117,512.05247,164.21,161.27,166.17,181.942231515986,103.148928571429,88.4278571428571
"111",2011-03-01,277988.84,11.81648,12.5715666666667,11.9665233333333,12.1980766666667,1.79,12.03,12.46,12.28,1.6279,0.92,0.63,11.3,1028186.03,25.6,37.53,37.53,187.71739,290.43472,108.63014,498.73981,160.29,157.08,162.43,182.885023134313,114.38,102.337419354839
"112",2011-04-01,261567.12,11.9753689655172,12.4866068965517,12.0392724137931,12.1824586206897,-3.58,12.24,12.44,12.52,1.5725,0.84,0.62,11.22,1037957.72,25.57,37.42,37.42,193,318.93878,116.43095,501.46883,159.44,154.09,163.01,180.925094356497,122.285517241379,108.731333333333
"113",2011-05-01,285419.12,12.02776,12.5242166666667,12.1434833333333,12.3025633333333,-2.29,12.32,12.46,12.45,1.5791,0.99,0.61,11.13,1049026.67,25.52,37.25,37.25,184.11364,308.57522,108.15197,498.76511,153,149.1,155.6,185.807044727128,115.819677419355,101.866129032258
"114",2011-06-01,275184.22,12.1976310344828,12.545924137931,12.3144827586207,12.4313068965517,-3.43,12.47,12.52,12.64,1.5603,0.96,0.59,10.98,1060880.54,25.51,37.08,37.08,178.36364,310.53647,106.03015,499.77278,153.81,149.91,156.42,182.439865916376,115.005666666667,97.351
"115",2011-07-01,279015.08,12.3334483870968,12.6684064516129,12.4133580645161,12.5186064516129,-5.74,12.48,12.62,12.58,1.5555,0.97,0.57,10.88,1064764.6,25.37,36.82,36.82,177.7619,300.83221,108.50286,501.82708,152.93,150.63,154.47,187.289296456505,116.059032258065,96.9006451612903
"116",2011-08-01,287103.12,12.3627806451613,12.0339064516129,12.3580548387097,12.2309935483871,-3.96,11.67,11.87,11.22,1.5864,1.07,0.57,10.77,1068430.65,25.2,36.55,36.55,180.84783,310.30711,100.53203,501.4237,152.71,149.82,154.64,184.176904072916,110.400967741935,86.7709677419355
"117",2011-09-01,273900.16,11.8696,10.8571178571429,11.6588357142857,11.226025,-7.38,10.71,10.66,10.38,1.8536,0.94,0.59,10.85,992264.2,23.22,34.67,34.67,175.93182,296.2995,100.77121,490.90895,154.08,152.27,155.29,182.971719470579,114.094666666667,86.829
"118",2011-10-01,287577.15,11.3824120689655,10.472775862069,11.1667431034483,10.7793568965517,11.49,10.59,10.43,10.3,1.6878,0.88,0.58,10.79,1045548.1,24.28,35.65,35.65,174.28125,274.84638,100.15397,446.01603,151.91,148.99,153.85,182.163438559269,109.333870967742,85.1454838709677
"119",2011-11-01,286826,11.140437037037,10.0842925925926,10.8548666666667,10.4173814814815,-2.51,10.07,9.98,9.66,1.8102,0.86,0.57,10.8,1015348,23.4,34.76,34.76,186.68182,274.27835,105.02152,428.82522,155.36,149.08,159.55,185.036003999281,110.741379310345,96.69
"120",2011-12-01,258745.24,10.8450870967742,9.93353870967742,10.5376322580645,10.1597419354839,-0.21,10.16,9.92,10.04,1.8751,0.91,0.57,10.84,1009191.85,23.06,34.47,34.47,190.09091,258.51794,103.76848,420.0461,158.17,150.52,163.28,188.979756941449,108.120333333333,98.4932258064516
"121",2012-01-01,251891.77,10.5058655172414,10.0642620689655,10.2954689655172,10.0653551724138,11.13,9.67,9.93,9.55,1.7385,0.89,0.55,10.62,1051669.84,23.83,35,35,190.93182,272.92015,106.70727,441.73276,158.33,151.92,162.6,188.440713427688,110.442413793103,100.321034482759
"122",2012-02-01,247366.57,10.2428857142857,9.44818928571429,9.86836071428571,9.55096785714286,4.34,9.35,9.35,9.26,1.7086,0.75,0.54,10.51,1072325.15,24.11,35.15,35.15,194.09524,279.51432,112.71302,461.55599,170.18,167.9,171.7,183.910224348711,118.234482758621,101.581034482759
"123",2012-03-01,284092.81,9.69745806451613,9.10612903225806,9.30404516129032,9.04421290322581,-1.98,8.91,8.95,8.96,1.8215,0.82,0.54,10.45,1044798.88,23.27,34.26,34.26,194.36364,280.71505,117.8297,496.29048,164.42,162.37,165.79,182.152486323603,125.328387096774,106.409677419355
"124",2012-04-01,264387.56,9.19934,8.79445333333333,8.89394,8.7008,-4.17,8.32,8.62,8.33,1.8912,0.71,0.55,10.46,1017171.81,22.5,33.5,33.5,192.09524,274.2193,113.76429,529.4216,164.99,163.22,166.17,183.585209731618,120.247,103.116333333333
"125",2012-05-01,291392.6,8.72781,8.12856333333333,8.34453666666667,8.08924666666667,-11.86,7.94,7.97,7.93,2.0217,0.74,0.56,10.56,985860.38,21.65,32.77,32.77,187.30435,268.8849,104.33594,520.92546,163.05,156.18,167.62,186.461407782109,111.317419354839,95.7477419354839
"126",2012-06-01,278680.64,8.36715862068965,7.8842,8.06616551724138,7.85483793103448,-0.25,7.64,7.72,7.57,2.0207,0.64,0.54,10.64,990833.09,21.61,32.78,32.78,183.59524,267.32892,90.90921,522.32919,162.35,159.71,164.11,184.472898586271,96.5216666666667,82.8916666666667
"127",2012-07-01,278234.11,8.1402064516129,7.54802258064516,7.70171935483871,7.45718709677419,3.21,7.36,7.43,7.46,2.0494,0.68,0.53,10.66,986947.77,21.33,32.51,32.51,180.36364,332.99885,96.95439,609.44676,160.56,158.34,162.04,182.908313727917,101.398275862069,87.2696551724138
"128",2012-08-01,305422.84,7.80035161290323,7.56926129032258,7.41440967741935,7.28148709677419,1.72,7.27,7.45,7.49,2.0366,0.69,0.52,10.72,998020.56,21.36,32.6,32.6,183.13043,332.2335,105.61783,622.91355,156.3,155.62,156.75,185.356482063489,112.878387096774,93.4158064516129
"129",2012-09-01,286054.51,7.48889,7.61106333333333,7.31767333333333,7.30186,3.7,7.27,7.51,7.48,2.03,0.54,0.53,10.81,1001501.57,21.29,32.62,32.62,180.25,320.70591,106.39983,615.1814,158.29,157.2,159.01,180.802269508595,112.787333333333,94.7723333333333
"130",2012-10-01,309879.03,7.21197096774194,7.3718064516129,7.14923870967742,7.1614,-3.56,7.11,7.29,7.24,2.0308,0.61,0.53,10.79,1003346.15,21.12,32.44,32.44,181.54348,321.38242,103.27203,565.52548,161.38,159.44,162.68,186.524232387164,111.918064516129,90.0622580645161
"131",2012-11-01,295406.31,7.2174275862069,7.29041379310345,7.11183103448276,7.09248620689655,0.71,7.07,7.26,7.17,2.1068,0.55,0.56,10.73,995043.94,20.79,32.08,32.08,192.02273,321.59687,101.24606,533.02861,159.69,152.4,164.56,184.309082162224,109.092413793103,86.2744827586207
"132",2012-12-01,256534.68,7.24809333333333,7.08669333333333,7.07900666666667,6.97912,6.05,7.09,7.08,7.14,2.0429,0.55,0.59,10.79,1002204.69,20.82,32.19,32.19,195.61905,308.7504,101.40984,534.79077,161.81,160.11,162.94,189.723171150611,109.500689655172,87.6276666666667
"133",2013-01-01,279147.94,7.24736666666667,7.18078666666667,7.07130666666667,6.99561333333333,-1.95,7.08,7.17,7.26,1.9877,0.6,0.59,10.7,1014926.18,20.89,32.17,32.17,195.3913,303.36021,105.14797,526.0473,160.6,156.1,163.5,186.991345256046,112.668333333333,94.238
"134",2013-02-01,255515.56,7.2076037037037,7.58814814814815,7.17707407407407,7.25105925925926,-3.91,7.46,7.63,7.76,1.9749,0.49,0.59,10.62,1045396.84,21.38,32.59,32.59,194.275,302.61034,107.63967,536.37583,165.8,166,165.8,189.921185594817,116.122692307692,95.7907142857143
"135",2013-03-01,284536.58,7.20465161290323,7.98016129032258,7.32612903225806,7.53981290322581,-1.87,7.48,7.92,7.92,2.0132,0.55,0.58,10.59,1045582.82,21.22,32.4,32.4,191.78571,309.57921,102.82968,536.0814,159.96,155.64,162.84,190.625238349137,109.133333333333,92.8616129032258
"136",2013-04-01,297535.72,7.48346333333333,8.09751333333333,7.56754,7.73312666666667,-0.78,7.82,8.06,8.01,2.0011,0.61,0.58,10.48,1051448.78,21.08,32.14,32.14,191.68182,279.76485,98.84091,517.78972,155.62,153.02,157.35,204.16443127445,102.704666666667,92.2253333333333
"137",2013-05-01,299681.98,7.82871071428571,8.20963214285714,7.86622857142857,7.96141071428571,-4.3,8.36,8.19,8.67,2.1314,0.6,0.6,10.48,1026880.32,20.43,31.51,31.51,179.58696,295.36897,99.42304,542.19922,145.97,145.14,146.53,194.674740551348,102.303548387097,94.3722580645161
"138",2013-06-01,276560.37,8.20021,9.22877,8.40410333333333,8.70019666666667,-11.31,8.91,9.27,9.39,2.215,0.61,0.59,10.46,1020523.62,20.14,31.19,31.19,174.25,297.11191,99.83783,560.15771,145.04,147.48,143.42,202.0034963742,102.876666666667,95.3993333333333
"139",2013-07-01,288497.1,8.74206451612903,9.21446451612903,8.7138,8.80736451612903,1.64,8.92,9.18,9.29,2.2897,0.72,0.6,10.56,1003866.7,19.65,30.8,30.8,176.58333,279.01327,105.34493,548.34962,136.73,136.41,136.94,194.702974657795,107.679333333333,104.323666666667
"140",2013-08-01,297775.78,9.00792258064516,9.73315483870968,9.0400064516129,9.2109064516129,3.68,9.57,9.77,10.19,2.3719,0.71,0.6,10.6,996840.18,19.38,30.58,30.58,176.26471,234.93877,108.18833,498.04833,133,133.1,133,196.760733125533,110.467096774194,106.078709677419
"141",2013-09-01,293677.35,9.25658,10.1397766666667,9.33904333333333,9.56508333333333,4.65,9.64,10.06,10.07,2.2294,0.71,0.6,10.5,1059684.54,20.42,31.51,31.51,175.59524,207.49017,108.81063,503.23712,136.7,139.49,134.86,200.598380416673,112.531333333333,107.009333333333
"142",2013-10-01,326725.3,9.58282258064516,10.2742096774194,9.65588064516129,9.83774838709677,3.66,10.11,10.28,10.5,2.202,0.81,0.59,10.57,1070861.12,20.46,31.62,31.62,178.06522,201.77999,105.68058,472.82752,139.2,139.35,139.1,198.064752640635,109.156129032258,100.841612903226
"143",2013-11-01,307368.07,9.83972666666667,10.7799633333333,9.96390666666667,10.2201533333333,-3.27,10.22,10.73,10.6,2.3243,0.72,0.59,10.63,1021653.19,19.36,30.58,30.58,183.30952,199.18244,102.68714,476.66224,138,136.9,138.7,196.899759358582,107.549655172414,94.49
"144",2013-12-01,266090.68,10.2030896551724,10.6997034482759,10.1132103448276,10.195424137931,-1.86,10.28,10.55,10.57,2.342,0.79,0.58,10.69,1025357.79,19.23,30.5,30.5,185.95455,197.55345,105.63106,488.66934,136.6,138.2,135.5,191.166191000782,110.866896551724,97.0693103448276
"145",2014-01-01,286021.91,10.7095275862069,10.9923310344828,10.5361206896552,10.5415310344828,-7.51,11.22,10.97,11.77,2.4257,0.85,0.59,10.63,1010408.33,18.79,30.01,30.01,187.45652,198.77199,102.21928,476.10212,131.7,130.2,132.8,198.142040380698,108.259655172414,94.6534482758621
"146",2014-02-01,272719.33,10.8346142857143,11.5276392857143,10.8284785714286,10.9911107142857,-1.14,10.89,11.37,11.22,2.3327,0.79,0.58,10.46,1049860.99,19.32,30.36,30.36,190.25,209.35602,104.93383,496.799,136.4,142.6,132.3,196.324846325888,108.848928571429,100.22
"147",2014-03-01,292361.88,10.9516733333333,11.4195266666667,10.8190366666667,10.9045133333333,7.05,10.97,11.35,11.38,2.2624,0.77,0.58,10.46,1081083.2,19.74,30.78,30.78,197.7619,222.39292,104.26016,522.00112,125.78,132.36,121.39,194.096099293415,107.621612903226,100.86935483871
"148",2014-04-01,284209.05,11.1619,11.4107033333333,10.89646,10.9076266666667,2.4,10.95,11.33,11.33,2.2354,0.82,0.58,10.57,1081398.88,19.63,30.78,30.78,191.22727,222.43041,104.99985,547.18806,120.25,126.93,115.8,194.122566868034,107.516333333333,102.142333333333
"149",2014-05-01,297613.36,11.1006166666667,11.35726,10.87447,10.90675,-0.75,10.84,11.26,11.1,2.2384,0.87,0.58,10.59,1105659.93,19.92,31.1,31.1,194.54545,216.9751,105.78758,546.03325,109.48,111.8,107.94,188.052480794699,109.51935483871,102.014838709677
"150",2014-06-01,269361.2,11.0270896551724,11.0997137931034,10.8469931034483,10.834024137931,3.76,10.78,10.97,10.91,2.2019,0.82,0.57,10.52,1136284.02,20.38,31.48,31.48,200.78571,202.63382,108.54794,528.00259,107.37,110.92,105.01,180.333316337267,111.557666666667,105.537
"151",2014-07-01,299990.71,11.0378,10.9691903225806,10.8856677419355,10.8267806451613,5,10.79,10.88,10.97,2.2668,0.95,0.59,10.53,1149300.81,20.49,31.6,31.6,227.5,182.29452,105.45623,463.23367,109.55,109.23,109.76,179.729374615011,107.187096774194,103.706129032258
"152",2014-08-01,303410.2,10.9218419354839,11.2233677419355,10.8766516129032,10.9499032258065,9.78,10.87,11.14,11.09,2.239,0.87,0.59,10.5,1186859.5,21.04,32.14,32.14,258.85714,176.48208,100.10905,432.98514,110.54,110.11,110.83,181.465948658017,102.256451612903,97.2929032258065
"153",2014-09-01,303388.42,10.6258166666667,11.4636333333333,10.84888,11.12586,-11.7,11.24,11.41,11.77,2.4504,0.91,0.63,10.64,1182446.22,20.8,32.07,32.07,272.29545,163.13438,95.83485,368.84988,118.92,113.85,122.3,187.931458826971,97.6303333333333,93.619
"154",2014-10-01,323352.88,10.7824387096774,11.902935483871,11.0943612903226,11.4584548387097,0.95,11.75,11.84,12.17,2.4436,0.95,0.64,10.64,1197411.22,20.94,32.22,32.22,266.93478,163.37809,86.1229,354.44091,115.82,107.09,121.64,185.943007613351,88.3338709677419,85.3945161290323
"155",2014-11-01,302675.21,11.2272,12.3583033333333,11.5819,11.9606533333333,0.18,12.12,12.35,12.44,2.5595,0.84,0.64,10.79,1192672.63,20.76,32.18,32.18,261.5,178.70854,77.01883,379.34486,115.99,103.39,124.39,185.151722848353,80.5141379310345,76.9313793103448
"156",2014-12-01,270568.79,11.7298433333333,12.7272133333333,12.10681,12.4541533333333,-8.62,12.6,12.68,12.96,2.6556,0.96,0.68,11.13,1200679.58,20.78,32.59,32.59,239.58696,178.71295,60.62304,378.78162,112.95,108.7,115.79,177.054078938297,63.381,60.217
"157",2015-01-01,285661.3,11.96787,12.76292,12.3301833333333,12.6221433333333,-6.2,12.6,12.7,12.75,2.6617,0.94,0.69,11,1207401.92,20.82,32.5,32.5,232.02273,174.79487,47.66091,367.49212,112.69,110.72,114.01,179.520090779925,48.9738709677419,48.2558064516129
"158",2015-02-01,262272.78,12.2813,13.0670518518519,12.6147074074074,12.9021777777778,9.97,12.91,13.07,13.05,2.8777,0.82,0.71,11.12,1189108.19,20.46,32.3,32.3,209.875,173.75887,55.01033,364.73924,112.89,109.65,115.05,175.915156318611,56.4814285714286,49.9767857142857
"159",2015-03-01,296467.3,12.6014774193548,13.5707064516129,12.9956129032258,13.3465516129032,-0.84,13.37,13.61,13.52,3.2074,1.04,0.73,11.36,1140312.88,19.49,31.59,31.59,207.79545,174.29382,52.87455,359.59556,106.86,103.26,109.26,176.216536201465,56.588064516129,48.0567741935484
"160",2015-04-01,278143.6,12.8562655172414,13.3989,13.1303965517241,13.3388724137931,9.93,13.6,13.39,13.67,2.993,0.95,0.72,11.33,1190414.25,20.29,32.35,32.35,214.43182,172.15158,57.54621,356.92568,101.56,95.17,105.82,170.138621738176,58.47,53.4196666666667
"161",2015-05-01,280946.73,13.2783032258065,13.7213709677419,13.5440322580645,13.7296741935484,-6.17,13.83,13.73,13.76,3.1781,0.99,0.74,11.52,1183268.82,20.13,32.39,32.39,199.21429,166.35039,62.58683,351.94953,91.77,81.35,98.71,164.701457561028,64.1558064516129,59.0861290322581
"162",2015-06-01,274927.39,13.5727206896552,14.1309034482759,13.8905793103448,14.1436862068966,0.61,14.23,14.17,14.27,3.1019,1.07,0.75,11.51,1238357.26,20.96,33.23,33.23,195.04545,166.81386,61.4153,354.82305,90.58,74.14,101.54,159.807510400796,61.7333333333333,59.8606666666667
"163",2015-07-01,288584.86,13.6315548387097,14.0166838709677,13.9936258064516,14.1868225806452,-4.17,14.17,14.02,13.91,3.3934,1.18,0.79,11.81,1204133.52,20.31,32.91,32.91,204.41304,179.60853,54.67188,372.34729,84.55,61.3,100.04,162.251877849501,57.3012903225806,52.1745161290323
"164",2015-08-01,286414.85,14.0453387096774,14.1141225806452,14.2800838709677,14.3427677419355,-8.33,14.35,14.2,14.38,3.6461,1.11,0.8,12.04,1166551.72,19.62,32.46,32.46,212,162.7407,46.14254,347.02238,84.66,59.31,101.56,156.120978415838,47.7961290322581,43.1883870967742
"165",2015-09-01,292075.87,14.1419866666667,15.0931466666667,14.4547866666667,14.7779666666667,-3.36,15.11,15.26,15.56,3.9722,1.11,0.84,12.3,1124054.7,18.88,32.02,32.02,202.40909,166.07762,46.24394,323.55452,85.53,59.83,102.66,148.390502334661,47.9073333333333,45.7073333333333
"166",2015-10-01,312799.92,14.0856258064516,15.3467870967742,14.4202387096774,14.8201483870968,1.8,14.8,15.34,15.39,3.8582,1.11,0.84,12.39,1183371.67,19.84,33.06,33.06,184.54545,171.44857,47.01152,327.41977,88.77,56.05,110.57,152.338012493712,48.3570967741936,46.1361290322581
"167",2015-11-01,292370.58,14.0589766666667,15.2569866666667,14.38231,14.76493,-1.63,14.98,15.37,15.71,3.8499,1.06,0.85,12.53,1227352.43,20.52,33.9,33.9,177.07143,166.09242,43.09254,319.08229,85.55,54.31,106.38,150.98097053548,44.7116666666667,42.9534482758621
"168",2015-12-01,273545.9,14.0650419354839,15.7352774193548,14.5106516129032,15.0424225806452,-3.93,15.18,15.81,15.86,3.9042,1.16,0.87,12.87,1312961.73,21.9,35.64,35.64,167.1087,164.0044,36.68652,323.31533,87.17,57.95,106.65,138.667404370809,38.5067741935484,37.5041935483871
"169",2016-01-01,264276.25,14.5304903225806,15.3123903225806,14.5739419354839,14.7761516129032,-6.79,14.38,15.29,14.57,4.0422,1.06,0.9,12.91,1292031.16,21.52,35.34,35.34,159.07143,161.09888,30.42921,323.20435,89.04,57.08,110.34,147.283707303296,31.3841935483871,32.3151612903226
"170",2016-02-01,250935.68,14.5372571428571,14.2815428571429,14.2556142857143,14.10495,5.91,14.21,14.4,14.21,3.979,1,0.89,12.17,1399516.92,23.22,36.28,36.28,171.30952,159.71685,31.27095,320.12949,95.23,66.52,114.36,140.131152017999,32.0386206896552,30.3672413793103
"171",2016-03-01,279678.43,14.3941967741935,13.6773387096774,14.1211612903226,13.8605806451613,16.97,14.03,13.8,13.81,3.5583,1.16,0.89,12.04,1533881.44,25.4,38.33,38.33,176.19565,159.22653,37.71464,326.93542,89.31,53.5,113.19,144.641526878705,38.2183870967742,37.3796774193548
"172",2016-04-01,277713.83,14.4291103448276,13.3567448275862,14.1239724137931,13.7565655172414,7.7,13.85,13.42,13.22,3.4502,1.06,0.9,11.98,1575573.76,25.99,38.87,38.87,176.90476,164.4654,41.22873,353.80246,87.68,51.88,111.54,141.879676511619,40.7896666666667,40.085
"173",2016-05-01,278446.86,14.10999,13.2517566666667,14.1204133333333,13.8510066666667,-10.09,13.8,13.24,13.18,3.5945,1.11,0.91,12.08,1588570.55,26.1,39.08,39.08,179.45455,169.00212,46.30894,388.51214,90.85,47.35,119.85,141.129964501263,46.5667741935484,46.6064516129032
"174",2016-06-01,282474.56,14.10968,13.0964666666667,14.0910166666667,13.76418,6.3,13.94,13.13,13.36,3.2092,1.16,0.89,11.91,1746541.89,28.55,41.35,41.35,181.45455,179.91274,48.32833,421.22894,98.05,52.36,128.5,159.884560487118,48.5133333333333,48.8716666666667
"175",2016-07-01,287969.77,14.0601451612903,13.185635483871,14.0817096774194,13.8381806451613,11.22,13.88,13.23,13.29,3.2384,1.11,0.91,11.35,1820041.3,29.67,41.93,41.93,187.7381,161.82304,44.64651,390.40181,97.67,51.3,128.59,141.527203947246,45.3729032258065,45.2325806451613
"176",2016-08-01,294391.38,14.151735483871,13.1209516129032,14.1036419354839,13.8140967741935,1.03,13.86,13.15,13.12,3.2397,1.22,0.87,12.15,1836057.82,29.79,42.81,42.81,185.6087,150.21541,45.25768,370.31659,100.05,54.69,130.29,137.929988343324,45.31,44.3635483870968
"177",2016-09-01,282386.66,14.1095,12.8109535714286,13.9700964285714,13.5871142857143,0.8,13.34,12.78,12.5,3.2456,1.11,0.87,12.09,1897749.65,30.67,43.63,43.63,182.88636,148.5119,45.41773,355.9021,106.95,58.68,139.13,136.500994709429,46.5406666666667,44.9933333333333
"178",2016-10-01,288332.61,13.8738862068966,12.3469965517241,13.6418827586207,13.1765517241379,11.23,13.2,12.36,12.43,3.1805,1.05,0.87,12.08,1918936.31,30.92,43.88,43.88,180.7619,152.61744,50.00857,358.38668,105.98,59.11,137.23,134.697469967113,49.4851612903226,49.688064516129
"179",2016-11-01,285381.96,13.7119148148148,12.3458740740741,13.5891222222222,13.1424518518519,-4.65,12.92,12.37,12.17,3.3961,1.04,0.88,12.19,1928827.75,30.92,43.99,43.99,183.13636,151.33142,45.48424,368.37309,110.3,60.1,143.76,131.776460992622,44.765,45.8068965517241
"180",2016-12-01,265560.6,13.5287838709677,11.8118870967742,13.2427129032258,12.6604258064516,-2.71,12.45,11.84,11.56,3.2585,1.12,0.88,11.92,2090132.66,33.34,46.14,46.14,173.97727,152.72992,53.07076,375.28878,110.73,72.63,136.13,141.720454340263,52.5625806451613,51.3961290322581
"181",2017-01-01,286332.23,12.8937387096774,11.0852225806452,12.560564516129,11.9512741935484,7.38,11.65,11.11,10.83,3.1264,1.09,0.89,11.72,2132968.21,33.85,46.46,46.46,176.77273,160.01211,53.94727,379.58998,102.25,68.19,124.95,134.333736180428,54.5212903225806,52.48
"182",2017-02-01,266414.4,12.4382115384615,10.4903,11.9742038461538,11.3069076923077,3.08,11,10.53,10.2,3.0987,0.87,0.89,11.67,2193846.89,34.7,47.26,47.26,184.6,162.96254,54.61367,380.87262,113.8,74.55,139.96,139.627498893328,54.9028571428571,53.3460714285714
"183",2017-03-01,306997.27,12.0051419354839,9.79707096774194,11.359864516129,10.587835483871,-2.52,10.32,9.85,9.67,3.1678,1.05,0.9,11.56,2228561.77,35.07,47.53,47.53,190.17391,158.97912,51.01319,366.09506,109.38,66.79,137.77,135.795701726244,51.6387096774194,49.4512903225806
"184",2017-04-01,273653.05,11.41025,9.41457142857143,10.6434,9.93751071428571,0.64,9.75,9.45,9.3,3.1978,0.79,0.88,11.6,2229953.97,35,47.48,47.48,192.875,156.54045,52.56883,347.86131,109.01,71.32,134.14,134.788832218729,52.3741379310345,51.0989655172414
"185",2017-05-01,303614.57,10.80043,9.19772666666667,10.1291233333333,9.53813666666667,-4.12,9.39,9.24,9.15,3.2431,0.93,0.88,11.6,2276071.49,35.53,48,48,200.41304,158.60022,50.02275,350.17999,103.49,66.45,128.18,134.937429040494,50.4125806451613,48.4896666666667
"186",2017-06-01,298649.96,10.1479,8.99364827586207,9.64542413793103,9.20518965517241,0.3,8.96,9.01,8.77,3.3076,0.81,0.88,11.63,2308535.83,35.92,48.44,48.44,206.15909,157.97391,46.39818,339.72891,100.06,70.81,119.56,139.931158040776,46.557,45.468
"187",2017-07-01,305010.05,9.60965806451613,8.39200967741935,9.07149032258065,8.60588387096774,4.8,8.15,8.38,7.98,3.1301,0.8,0.87,11.55,2404919.66,37.27,49.68,49.68,205.45238,157.61065,47.87587,365.45284,104.78,73.52,125.62,135.197378175229,48.2664516129032,46.3433333333333
"188",2017-08-01,329662.46,8.83456129032258,7.81007419354839,8.32864193548387,7.91765161290323,7.46,7.63,7.81,7.57,3.1465,0.8,0.88,11.52,2442449.73,37.7,50.1,50.1,189.04348,148.54343,50.08174,345.41075,101.48,69.31,122.93,137.972895673423,51.6093548387097,48.1422580645161
"189",2017-09-01,308401.77,8.11399655172414,7.33960689655172,7.65764827586207,7.32398275862069,4.88,7.19,7.34,7.13,3.1674,0.64,0.87,11.56,2490172.02,38.32,50.76,50.76,188.69048,147.31586,53.07206,353.8602,99.67,70.12,119.38,138.042718951348,55.785,49.4786206896552
"190",2017-10-01,321575.18,7.72459333333333,7.11373,7.28526333333333,6.99366,0.02,7,7.14,7.14,3.2763,0.64,0.89,11.64,2480654.67,38.01,50.54,50.54,189.47727,148.72238,54.96136,358.27613,102.81,73,122.69,138.832175202092,57.3077419354839,51.48
"191",2017-11-01,316734.85,7.38542068965517,7.10985172413793,7.00156551724138,6.80420689655172,-3.15,6.84,7.09,7.02,3.261,0.57,0.89,11.65,2511885.3,38.32,50.86,50.86,190.13636,148.79217,60.05379,361.40928,103.96,72.38,125.01,140.176358788971,62.5783333333333,56.5279310344828
"192",2017-12-01,283745.91,7.12358,6.92039,6.76221666666667,6.58553,6.16,6.67,6.91,6.86,3.3074,0.54,0.9,11.99,2534118.8,38.48,51.37,51.37,184.33333,149.08743,61.12302,357.15336,109.46,82.84,127.2,145.050801708936,64.3746666666667,57.8753333333333
"193",2018-01-01,298990.14,7.12408666666667,6.85739666666667,6.70547333333333,6.51226666666667,11.14,6.62,6.88,6.89,3.1618,0.58,0.9,11.73,2570190.78,38.8,51.43,51.43,188.04348,155.91688,66.16623,356.86881,116.96,89.99,134.94,132.43510913698,68.9251612903226,63.339
"194",2018-02-01,275140.5,6.90836,6.787684,6.549452,6.407596,0.52,6.51,6.78,6.67,3.2443,0.47,0.91,11.79,2587014.29,38.88,51.58,51.58,194.825,163.46097,63.51817,371.23224,120.57,99.09,134.89,146.912006883197,65.4562962962963,62.4042307692308
"195",2018-03-01,311301.63,6.70475769230769,6.49964615384615,6.40781153846154,6.25471538461538,0.01,6.22,6.5,6.29,3.3232,0.53,0.92,11.84,2610601.42,39.07,51.83,51.83,193.90909,172.07659,64.54652,381.8939,115.64,92.09,131.35,144.367290179823,66.0142307692308,62.6919230769231
"196",2018-04-01,296677,6.63916,6.30508,6.32292,6.128668,0.88,6.22,6.35,6.38,3.4805,0.52,0.93,11.96,2580417,38.33,51.22,51.22,190.80952,175.60098,68.97127,381.26838,109.94,85.2,126.44,147.556608617096,71.9133333333333,66.0648
"197",2018-05-01,242134.15,6.56122592592593,6.68261851851852,6.37844814814815,6.33153703703704,-10.87,6.73,6.78,7.22,3.7364,0.52,0.94,12.12,2536043.83,37.61,50.67,50.67,188,179.17906,73.63696,374.84837,113.5,83.82,133.29,130.713462359466,76.7873076923077,70.0734615384615
"198",2018-06-01,331396.04,6.43982692307692,7.67218461538462,6.64228461538462,6.97413846153846,-5.2,6.81,7.82,7.58,3.8552,0.52,0.93,12.19,2550506.75,37.59,50.71,50.71,185.54762,165.14029,72.33016,339.95796,104,77.95,121.36,148.248000823438,74.4088461538462,67.6538461538462
"199",2018-07-01,317651.92,6.23836538461538,7.46645384615385,6.45328461538462,6.78828076923077,8.88,6.72,7.55,7.4,3.7543,0.54,0.91,12.11,2614412.79,38.28,51.3,51.3,182.86364,156.55427,73.02439,312.56203,103.48,76.45,121.5,161.099075549689,74.3342307692308,71.1119230769231
"200",2018-08-01,337134.33,6.35837037037037,7.66496296296296,6.59342592592593,6.95224814814815,-3.21,7.28,7.77,8.19,4.1347,0.57,0.91,12.33,2549295.08,37.1,50.33,50.33,179.97826,162.52226,71.45783,316.6588,104.38,83.02,118.61,149.218464688047,72.3711111111111,68.0759259259259
"201",2018-09-01,305485.84,6.409184,8.005712,6.717096,7.165884,3.48,7.13,8.1,7.95,4.0033,0.47,0.89,12.26,2635318.93,38.17,51.32,51.32,176.125,154.945,75.42617,306.43279,106.79,80.38,124.4,138.656115062264,78.738,70.1756
"202",2018-10-01,334098.95,6.35960384615385,7.36795,6.49539230769231,6.75985384615385,10.19,6.56,7.39,7,3.7171,0.54,0.87,12.12,2739822.1,39.43,52.43,52.43,168.36957,160.36557,76.76638,315.85204,107.91,78.74,127.36,144.01360609822,81.505,71.2353571428571
"203",2018-11-01,318050.47,6.48024,6.90274,6.414144,6.482972,2.38,6.55,6.92,6.91,3.8627,0.49,0.89,12.29,2724795.94,39.03,52.2,52.2,171.02273,160.87821,62.36758,322.28162,114.5,84,134.83,154.530728580007,65.6892307692308,57.7245833333333
"204",2018-12-01,273228.75,6.55267692307692,6.67539230769231,6.41746538461538,6.38750769230769,-1.81,6.45,6.68,6.55,3.8742,0.49,0.87,12.44,2763702.35,39.46,52.77,52.77,183.19048,167.48988,54.17873,330.48202,127.8,95.9,149.07,142.717208921772,57.3822727272727,49.6121739130435
"205",2019-01-01,297704.63,6.5952962962963,6.55827037037037,6.43296296296296,6.35877037037037,10.82,6.38,6.54,6.42,3.6513,0.54,0.85,12.13,2820752.46,40.12,53.11,53.11,185.95652,166.84624,56.7771,333.77715,128.64,96.27,150.22,145.466030664333,59.0923076923077,50.9765384615385
"206",2019-02-01,286096.9,6.53417391304348,6.47964347826087,6.396,6.32511739130435,-1.86,6.41,6.47,6.54,3.7379,0.49,0.85,12.11,2837054.27,40.15,53.11,53.11,188.6,169.65628,61.30933,334.50304,139.39,112.24,157.48,143.296745002488,63.705652173913,54.7718181818182
"207",2019-03-01,297790.21,6.47809789473684,6.50012631578947,6.36087894736842,6.31525789473684,-0.18,6.48,6.49,6.58,3.8961,0.47,0.86,12.23,2828396.41,39.95,53.04,53.04,194.35714,166.32133,64.02159,329.23667,125.53,97.44,144.25,147.350912833178,66.1385714285714,58.1514285714286
"208",2019-04-01,301320.24,6.56054761904762,6.5433,6.40638095238095,6.34192857142857,0.98,6.47,6.53,6.57,3.9447,0.52,0.87,12.27,2835881.64,39.91,53.05,53.05,208.29545,161.65339,68.76197,324.2544,121.71,99.29,136.66,151.742870209941,71.2595,63.862380952381
"209",2019-05-01,313736.18,6.58315909090909,6.45295,6.40918181818182,6.31212727272727,0.7,6.33,6.45,6.28,3.9401,0.54,0.88,12.22,2873094.71,40.13,53.24,53.24,200.32609,171.18015,66.59884,305.31092,117.01,96.27,130.83,151.755349521226,71.1726086956522,60.7213043478261
"210",2019-06-01,283184.07,6.5874,5.97944210526316,6.31452631578947,6.07732631578947,4.06,6,6.01,5.8,3.8316,0.47,0.89,12.18,2922568.84,40.75,53.82,53.82,202.625,195.16792,59.5965,326.61475,107.38,84.12,122.89,155.313552168833,64.17,54.5904761904762
"211",2019-07-01,319371.9,6.29891304347826,5.53275217391304,6.00432608695652,5.72059130434783,0.84,5.57,5.55,5.45,3.7643,0.57,0.88,12.08,2979640.5,41.31,54.26,54.26,204.65217,189.48637,61.51971,325.46985,110.92,87.32,126.65,157.257613943435,63.9191304347826,57.3580952380952
"212",2019-08-01,329783.85,5.91332272727273,5.34949090909091,5.61751363636364,5.38414545454545,-0.67,5.34,5.36,5.38,4.1379,0.5,0.9,12.32,2903771.35,40.09,53.32,53.32,204.22727,163.62861,57.65091,314.62628,114.58,91.69,129.85,157.108548584384,59.0418181818182,54.8059090909091
"213",2019-09-01,312479.14,5.56275714285714,5.10439047619048,5.27814761904762,5.0729,3.57,4.87,5.11,4.85,4.1638,0.46,0.9,12.33,2944328.62,40.42,53.64,53.64,205.61905,157.37444,60.04905,322.45353,112.19,92.43,125.36,156.929659972181,62.8266666666667,56.857619047619
"214",2019-10-01,344259.95,5.17621818181818,4.54117727272727,4.86407727272727,4.60625454545455,2.36,4.49,4.54,4.46,4.0035,0.48,0.88,12.21,3003316.76,41.02,54.11,54.11,212.80435,167.29779,57.48522,339.87124,111.82,95.24,122.87,153.892279680154,59.7130434782609,53.9630434782609
"215",2019-11-01,332505.77,4.821805,4.551345,4.60106,4.458685,0.95,4.5,4.55,4.65,4.2234,0.38,0.89,12.3,2984296.59,40.59,53.78,53.78,258.33333,166.36179,60.19476,332.95763,118.64,99.11,131.66,149.453367349148,63.2119047619048,56.9694736842105
"216",2019-12-01,294722.59,4.50578095238095,4.60427619047619,4.39512380952381,4.37401428571429,6.85,4.33,4.59,4.55,4.0301,0.37,0.76,12.29,3078019.06,41.66,54.7,54.7,250.56818,167.05902,63.22303,334.94945,121.26,110.61,128.36,141.233838970697,67.1285,59.7635
"217",2020-01-01,318666.04,4.41255,4.43930454545455,4.28123181818182,4.23650454545455,-1.63,4.23,4.437391,4.41,4.2689,0.38,0.77,12.28,2980128.07,40.14,53.19,53.19,212.5,171.81414,61.58029,337.0797,121.27,105.78,131.6,164.39517645146,63.6454545454545,57.5190476190476
"218",2020-02-01,295617.38,4.29583333333333,4.29338333333333,4.17884444444444,4.13038888888889,-8.43,4.07,4.28,4.14,4.4981,0.29,0.78,12.3,2946934.21,39.47,52.55,52.55,206.875,168.7446,53.44917,325.42831,131.79,120.93,139.03,159.508607097217,55.702,50.617
"219",2020-03-01,328270.69,4.03713636363636,4.00486363636364,3.80380454545455,3.70579090909091,-29.9,3.24,3.985909,3.33,5.1981,0.34,0.81,12.71,2783301.61,37.11,50.63,50.63,192.38636,162.17915,32.25894,319.33616,124.58,108.82,135.08,142.650670951323,32.01,29.2077272727273
"220",2020-04-01,292530.79,3.712175,3.154285,3.350255,3.078945,10.25,2.84,3.1505,2.94,5.4264,0.28,0.84,12.98,2815307.93,37.77,51.59,51.59,195.43182,147.01216,23.33879,309.99435,111.97,95.71,122.82,105.465893469977,18.4666666666667,16.547619047619
"221",2020-05-01,272858.86,2.85336,2.75941,2.647805,2.534565,8.57,2.32,2.723,2.53,5.4257,0.24,0.84,13.14,2946187.03,39.73,53.72,53.72,214.90476,143.98924,31.26889,309.33143,96.82,63.83,118.82,148.574124762023,29.6,28.5625
"222",2020-06-01,299555.24,2.3722619047619,2.45830952380952,2.1685380952381,2.10687619047619,8.76,2.07,2.411304,2.36,5.4754,0.21,0.85,13.12,3139436.8,42.28,56.24,56.24,215.72727,148.04238,39.74788,318.64304,100.43,68.22,121.9,138.342969068,40.2668181818182,38.3072727272727
"223",2020-07-01,343486.72,2.19635652173913,2.44350434782609,2.05146086956522,2.04601304347826,8.27,1.94,2.404348,2.26,5.2027,0.19,0.82,12.9,3302129.21,44.4,58.12,58.12,199.30435,152.58762,42.18159,328.93545,102.84,65.14,127.97,141.605635170151,43.2421739130435,40.7104545454545
"224",2020-08-01,354585.38,2.04481904761905,2.41050952380952,1.9506380952381,1.98465714285714,-3.44,2.08,2.389524,2.59,5.4707,0.16,0.85,12.95,3340502.98,44.87,58.66,58.66,200.42857,149.393,43.78984,332.14118,102.62,61.1,130.3,142.199703899594,44.736,42.3390476190476
"225",2020-09-01,360464.61,2.0524619047619,2.61222380952381,1.99004285714286,2.07629047619048,-4.8,2.21,2.534286,2.77,5.6401,0.16,0.85,12.92,3403285.34,45.53,59.3,59.3,197.72727,166.60253,40.96606,366.8246,108.36,67.18,135.8,146.626827630257,40.7396,39.4625
"226",2020-10-01,371178.61,2.096175,3.0857,2.088035,2.299775,-0.69,2.24,2.955714,3.16,5.7712,0.16,0.85,12.92,3403574.52,45.39,59.16,59.16,190.04545,186.76639,40.60879,387.57505,107.61,66.71,134.88,147.579644084194,40.1895454545455,39.3959090909091
"227",2020-11-01,345433.67,2.16253684210526,3.20794,2.04852,2.23233,15.9,2.3,3.0545,3.15,5.3311,0.15,0.83,12.61,3554668.26,47.14,60.59,60.59,190.78571,190.62504,42.97095,419.5855,111.65,68.3,140.56,151.929720434106,42.692380952381,40.9373684210526
"228",2020-12-01,326755.98,2.07635,3.01415909090909,1.99415909090909,2.18735,9.3,2.1,2.816,2.83,5.1961,0.16,0.84,12.54,3651459.54,47.98,61.37,61.37,189.1087,199.18442,49.02478,443.65512,111.71,66.16,142.08,190.717374481699,49.8452631578947,46.8826315789474
"229",2021-01-01,335436.58,2.235915,3.40493,2.062605,2.31936,-3.32,2.44,3.228947,3.44,5.4753,0.15,0.85,12.14,3585625.91,46.72,59.71,59.71,197.09524,231.75446,53.90698,504.31212,116.09,74.11,144.08,166.049651065068,54.774,52.0084210526316
"230",2021-02-01,332023.88,2.17297777777778,3.7759,2.23979444444444,2.64987222222222,-4.37,3.02,3.613889,4.08,5.5296,0.13,0.84,11.92,3628716.76,46.74,59.51,59.51,204.625,245.55406,60.94917,507.81727,116.23,72.97,145.06,159.09952278587,62.2765,59.0463157894737
"231",2021-03-01,362572.76,2.68917391304348,4.8236,2.97106956521739,3.56215652173913,6,4.02,4.723478,5.08,5.6967,0.2,0.84,11.8,3625134.92,45.9,58.53,58.53,205.28261,245.76036,64.08928,519.87942,112.9,69.89,141.58,195.855387449061,65.41,62.3330434782609
"232",2021-04-01,330852.95,3.227095,5.33595,3.58128,4.1776,1.94,4.3,5.2135,5.22,5.403,0.21,0.79,11.34,3676545.11,45.56,57.7,57.7,224.81818,268.62245,63.35939,537.41837,104.95,64.27,132.08,157.262468210718,64.7609523809524,61.7166666666667
"233",2021-05-01,338261.5,3.66061428571429,5.80420952380952,4.01371904761905,4.63282380952381,6.16,4.83,5.632857,5.86,5.2316,0.27,0.77,11.02,3761403.62,45.74,57.53,57.53,239.95238,304.29755,66.62873,576.96795,105.9,62.93,134.55,158.418014226472,68.5133333333333,65.1783333333333
"234",2021-06-01,336945.58,4.13548095238095,6.44345238095238,4.59557619047619,5.3099,0.46,5.62,6.307143,6.57,5.0016,0.31,0.74,10.68,3925077.67,47.01,58.43,58.43,246.97727,292.52373,72.06455,537.35574,107.32,63.11,136.8,180.717082562809,73.1640909090909,71.3781818181818
"235",2021-07-01,349140.14,4.58204090909091,6.98685909090909,5.21165,5.96980909090909,-3.94,6.54,6.916667,7.45,5.121,0.36,0.72,10.51,3941700.95,46.53,57.76,57.76,245.68182,278.44576,73.04394,523.57148,110.98,61.75,143.8,165.047892784576,75.1659090909091,72.4852380952381
"236",2021-08-01,341614.05,5.41772727272727,7.99840454545455,6.14091818181818,6.96326363636364,-2.48,7.3,7.941364,8.18,5.1427,0.43,0.66,10.06,3995521.56,46.45,57.18,57.18,247.13636,257.02076,69.06394,504.04006,111.99,64.19,143.86,165.442828477865,70.7471428571429,67.7304545454545
"237",2021-09-01,337976.48,6.22585714285714,8.72956666666667,6.93132857142857,7.72997619047619,-6.57,8.04,8.702381,8.98,5.4388,0.44,0.65,9.97,3969446.78,45.54,56.17,56.17,249.25,235.8156,73.01424,469.44014,114.66,64.31,148.22,164.79775963756,74.4886363636364,71.6461904761905
"238",2021-10-01,339563.34,6.99542,9.849915,7.865355,8.79957,-6.74,10.31,9.8205,11.92,5.6424,0.49,0.62,9.9,3938553.03,44.68,55.19,55.19,251.28571,239.60245,82.22222,452.02187,109.37,59.1,142.89,164.405387201047,83.5380952380952,81.4766666666667
"239",2021-11-01,329713.76,7.86745,11.98094,9.362235,10.784375,-1.53,10.81,11.936316,11.75,5.6193,0.59,0.62,9.68,3986579.8,44.67,54.97,54.97,258.45455,248.76775,79.54788,454.57643,109.35,60.04,142.22,166.069838525058,81.05,79.1475
"240",2021-12-01,310295.85,8.87106818181818,11.5788681818182,10.0172136363636,11.0039772727273,2.85,11.2,11.534762,11.79,5.5799,0.77,0.63,9.77,4029713.09,44.71,55.11,55.11,260.93478,264.57315,73.10942,473.81001,112,64.74,143.51,167.766715573895,74.2190909090909,71.7118181818182
"241",2022-01-01,311890.66,9.75792380952381,12.0508857142857,10.7511619047619,11.5917047619048,6.98,11.91,11.999048,12.25,5.3568,0.73,0.57,9.46,4056584.74,44.78,54.81,54.81,262.52381,276.71918,84.11698,514.44854,108.35,70.43,133.63,163.777090523131,86.5052380952381,83.192
"242",2022-02-01,296150.1,10.6250052631579,12.3487789473684,11.4418526315789,12.1017473684211,0.89,12.24,12.279474,12.47,5.1388,0.76,0.51,9.15,4167981.04,45.78,55.44,55.44,269.875,292.67159,92.46667,583.69301,104.05,67.14,128.65,163.779439167128,97.129,91.6410526315789
"243",2022-03-01,332553.55,11.3905954545455,12.9950409090909,12.1235409090909,12.7329090909091,6.06,12.63,12.970455,12.72,4.7372,0.93,0.49,8.84,4341514.55,47.32,56.66,56.66,275.30435,335.93068,109.47565,617.19831,105.12,67.05,130.5,162.482689509738,117.245217391304,108.502608695652
"244",2022-04-01,313667.86,11.9377611111111,12.9939894736842,12.5013947368421,12.9341368421053,-10.1,13.01,12.952632,13.01,4.9185,0.83,0.51,8.77,4367678.16,47.12,56.4,56.4,271.30952,348.50712,103.63206,618.13839,104.35,68.91,127.97,167.732282011547,104.888,101.7775
"245",2022-05-01,339057.13,12.5206590909091,13.3372727272727,13.0090409090909,13.3498818181818,3.22,13.35,13.326818,13.39,4.7283,1.03,0.5,8.57,4486942.72,47.84,56.91,56.91,269.18182,344.9093,109.89591,617.12297,105.87,69.73,129.96,168.017424420777,113.111363636364,109.552380952381
"246",2022-06-01,342263.66,12.7781380952381,13.5829428571429,13.2989619047619,13.6399285714286,-11.5,13.77,13.614286,13.78,5.2374,1.02,0.56,8.69,4438375.34,46.77,56.03,56.03,262.84091,335.71713,114.74273,621.19818,103.6,66.19,128.53,169.991615067677,122.710952380952,114.837142857143
"247",2022-07-01,356960.06,12.8799238095238,13.9749,13.5138904761905,13.9550952380952,4.69,13.82,13.96619,13.72,5.1878,1.03,0.57,8.61,4451428.12,46.41,55.59,55.59,257.64286,312.68204,102.49651,571.00147,105.58,70.01,129.29,173.46762299174,111.925714285714,101.619
"248",2022-08-01,368517.36,13.2368695652174,13.4890826086957,13.7011608695652,13.8913347826087,6.16,13.75,13.521739,13.44,5.1784,1.17,0.55,8.39,4568659.5,47.11,56.05,56.05,252.04348,293.93079,95.67623,576.82417,106.76,70.19,131.14,173.566041704714,100.446363636364,93.6652173913044
"249",2022-09-01,353566.05,13.2772,13.3414142857143,13.7469476190476,13.8845476190476,0.47,13.68,13.440476,13.21,5.406,1.07,0.57,8.45,4604298.27,47.01,56.03,56.03,246.61364,312.54613,88.2503,537.55198,111.46,72.67,137.32,174.053267903546,89.7495454545455,84.2771428571429
"250",2022-10-01,348765.61,13.312,13.09535,13.736825,13.771885,5.45,13.69,13.1625,13.15,5.2564,1.02,0.55,8.42,4654732.93,47.01,55.98,55.98,241.52381,343.55328,90.74,507.54423,114.23,74.41,140.78,176.120074329898,93.3319047619048,87.5833333333333
"251",2022-11-01,333101.68,13.46499,13.816565,13.84045,14.02439,-3.06,13.87,13.879,13.94,5.2935,1.02,0.55,8.46,4677264.52,46.8,55.82,55.82,228.61364,320.92968,86.53803,529.74812,116.79,81.45,140.35,171.089755032668,91.4154545454546,84.3704761904762
"252",2022-12-01,303020.75,13.5280913636364,13.7256545454545,13.7573863636364,13.86665,-2.45,13.74,13.832381,13.43,5.2171,1.12,0.54,8.58,4738379.67,47.01,56.13,56.13,213,302.23541,78.31364,541.83179,122.84,88.79,145.54,166.988348437435,80.9966666666667,76.5795454545455
"253",2023-01-01,320284.69,13.2425181818182,13.4410318181818,13.6654090909091,13.7901545454545,3.37,13.71,13.527727,13.47,5.0987,1.12,0.56,8.32,4711298.36,46.34,55.21,55.21,211,302.83999,81.07939,555.50629,125.38,93.48,146.65,163.442050984411,82.535,78.123
"254",2023-02-01,294125.56,13.4283555555556,13.3209444444444,13.7156611111111,13.7206777777778,-7.49,13.59,13.416667,13.28,5.2072,0.92,0.55,8.24,4806136.53,46.91,55.7,55.7,216.9,298.2453,80.645,561.29217,128.78,98.68,148.86,163.884031357151,82.585,76.8326315789474
"255",2023-03-01,339087.36,13.4680217391304,12.814547826087,13.6569869565217,13.4856956521739,-2.91,13.46,12.929565,12.9,5.0798,1.17,0.58,8.23,4877969.97,47.16,55.97,55.97,238.47826,284.9574,76.95855,547.22552,127.42,99.81,145.83,170.214649458436,78.434347826087,73.2778260869565
"256",2023-04-01,314730.31,13.3844611111111,12.7301722222222,13.6534555555556,13.5134722222222,2.5,13.51,12.823333,12.87,5.0001,0.92,0.58,8.16,4915045.88,47.19,55.94,55.94,248.375,291.17974,82.02367,546.87486,125.1,96.97,143.86,164.557972582721,84.7394736842105,79.4463157894737
"257",2023-05-01,343342.15,13.5512681818182,12.5658136363636,13.7025409090909,13.4645363636364,3.74,13.36,12.650909,12.45,5.0953,1.12,0.59,8.28,5006344.84,47.79,56.66,56.66,240.95652,268.17253,74.07,508.3451,122.22,95.08,140.31,167.581520096645,75.466,71.5781818181818
"258",2023-06-01,334732.32,13.59742,11.988575,13.52093,13.076815,9,12.87,12.0755,11.72,4.8186,1.07,0.59,8.21,5169640.12,49.11,57.92,57.92,228.88636,266.93524,73.33712,526.29505,125.27,101.06,141.41,165.254505820634,74.8390909090909,70.2480952380952
"259",2023-07-01,343829.29,13.2665761904762,11.4777952380952,13.1818,12.6606714285714,3.26,12.4,11.53,11.26,4.7409,1.07,0.57,8.22,5256528.02,49.74,58.53,58.53,216.88095,235.27195,78.84048,555.1142,124.46,104.01,138.08,162.694194304986,79.9086956521739,75.8459090909091
"260",2023-08-01,368362.64,13.0555260869565,11.0324260869565,12.7653826086957,12.1431565217391,-5.09,12.04,11.06913,10.98,4.9213,1.14,0.57,8.29,5315415.06,50.06,58.92,58.92,214.34783,207.67589,84.2213,510.15033,131.02,109.76,145.2,162.412705037533,86.1477272727273,81.3860869565217
"261",2023-09-01,344942.23,12.70265,10.88349,12.370655,11.79024,0.71,11.8,10.9285,11.06,5.007,0.97,0.44,8.32,5375619.97,50.4,59.16,59.16,220.5,223.84767,91.71762,487.15147,132.64,112.69,145.94,159.980991457481,93.905,89.6305263157895
"262",2023-10-01,358241.87,12.4678857142857,11.0842619047619,12.0794380952381,11.6213,-2.94,11.59,11.111905,11.15,5.0569,1,0.45,8.4,5402090.79,50.35,59.2,59.2,226.90909,221.90252,87.73485,471.93107,132.75,117.14,143.16,162.141799858258,90.7757142857143,85.8395
"263",2023-11-01,349143.8,12.089665,10.64956,11.659985,11.183065,12.54,11.09,10.6495,10.41,4.9349,0.92,0.45,8.36,5473823.08,50.69,59.49,59.49,221.15909,209.0403,80.80091,494.3489,129.74,116.04,138.87,162.940312180262,82.1678947368421,76.9658823529412
"264",2023-12-01,315495.33,11.688365,10.157775,11.25399,10.75233,5.38,10.82,10.231053,10.05,4.8407,0.89,0.43,8.3,5657300.49,51.7,60.43,60.43,218.92857,207.39797,75.71,481.48682,133.46,121.39,141.5,166.768735761479,77.761,71.897
"265",2024-01-01,337210.74,11.5056318181818,9.95065454545455,11.0291590909091,10.5093318181818,-4.79,10.48,10.046364,9.91,4.9529,0.97,0.45,8.13,5619336.22,50.99,59.57,59.57,219.8913,198.75793,77.56507,452.62647,133.25,122.91,140.14,169.17275512311,80.1240909090909,74.152380952381
"266",2024-02-01,326735.06,11.1023105263158,9.88731578947368,10.7176578947368,10.3121947368421,0.99,10.27,9.933158,9.89,4.9827,0.8,0.45,8.07,5749482.26,51.84,60.35,60.35,234,188.94774,80.65619,429.72632,138.22,125.55,146.66,169.233925993563,83.4780952380952,77.244
"267",2024-03-01,341973,10.59441,9.755065,10.311475,10.018145,-0.71,10.06,9.8355,9.85,4.9956,0.83,0.45,8.09,5792642.13,52.11,60.65,60.65,250.7619,190.22721,84.33365,433.52754,132.52,119.61,141.13,174.992788083328,85.4085,81.277
"268",2024-04-01,351026,10.2507954545455,10.0973818181818,10.1579409090909,10.08405,-1.7,10.31,10.162273,10.39,5.1712,0.89,0.45,8.14,5826020.15,52.04,60.62,60.62,270.56818,190.90005,88.39712,427.92214,129.59,117.02,137.98,175.541210808274,89.9380952380952,85.3472727272727
"269",2024-05-01,353015,10.1857047619048,10.342019047619,10.1823666666667,10.2099619047619,-3.04,10.39,10.400952,10.56,5.241,0.83,0.47,8.19,5923842.66,52.68,61.34,61.34,269.02174,201.01947,82.55913,447.49433,126.46,115.88,133.52,166.2677,81.7461904761905,80.122380952381
"270",2024-06-01,341991,10.11048,10.75972,10.246125,10.43904,1.48,10.72,10.889,11.18,5.5583,0.79,0.49,8.28,5954117.34,52.65,61.42,61.42,263.625,191.24094,82.31417,430.97145,127.05,116.52,134.07,183.4692,82.246,82.6866666666667
"271",2024-07-01,342263,10.4561086956522,11.0443826086957,10.3633739130435,10.5822434782609,3.022649,10.81,11.137826,11.38,5.6615,0.91,0.35,8.27,5980417.18,52.48,61.1,61.1,270.63043,177.76771,83.73261,411.08213,127.78,117.86,134.39,177.4968,85.1530434782609,81.8004545454545
"272",2024-08-01,376204,10.1529681818182,11.2847681818182,10.4615954545455,10.8556318181818,6.542955,11.28,11.408182,11.74,5.6556,0.87,0.34,8.28,6038529.8,52.7,61.32,61.32,273.54545,169.29674,78.59697,361.82941,127.27,117.85,133.54,178.4933,80.3552380952381,76.6831818181818
"273",2024-09-01,353766,10.1622428571429,11.7082428571429,10.6888571428571,11.2151714285714,-3.079005,11.54,11.825238,12.17,5.4475,0.84,0.34,8.25,6126621.79,53.14,61.73,61.73,271.14286,183.65583,72.41921,372.09558,123.23,116.67,127.61,181.4632,74.0166666666667,70.236
"274",2024-10-01,391160,10.3695608695652,12.3333347826087,11.0290434782609,11.6883739130435,-1.595484,12,12.433913,12.67,5.7773,0.93,0.35,8.33,6124443.66,52.69,61.38,61.38,272.21739,189.58791,74.50029,368.49138,120.97,113.4,126.03,180.705,75.6326086956522,72.164347826087
"275",2024-11-01,365395,10.970805,13.07091,11.660005,12.365005,-3.118801,12.07,13.121053,13.85,6.0529,0.79,0.37,8.41,6128348.8,52.44,61.22,61.22,269.52381,201.30827,72.51429,365.5167,123.93,115.75,129.37,181.6247,74.3452380952381,69.987
"276",2024-12-01,313487,11.9145047619048,14.7023,12.8091857142857,13.7414571428571,-4.284653,14.19,14.667368,15.39,6.1917,0.93,0.36,8.57,6171699.54,52.55,61.48,61.48,276.22727,202.82996,72.46091,361.2365,125.62,123.71,126.89,179.0163,73.84,70.0721052631579
"277",2025-01-01,335067,12.3890318181818,15.0107181818182,13.3162181818182,14.2087045454545,4.864794,14.31,15.025,14.95,5.8295,1.01,0.31,8.28,6205448.7,52.5,61.09,61.09,281.76087,214.35993,78.21449,377.85304,123.51,122.31,124.3,178.4818,79.2704545454545,75.7425
"278",2025-02-01,322676,13.213055,14.836315,13.84246,14.414995,-2.644668,14.62,14.8635,15.03,5.8482,0.99,0.31,8.19,6283777.82,52.74,61.24,61.24,285.875,221.25454,74.352,382.08396,120.48,118.22,121.98,199.6875,75.438,71.5331578947368
"279",2025-03-01,346610,13.6947736842105,14.8508789473684,14.2179210526316,14.6431894736842,6.075782,14.87,14.925789,15.09,5.7416,0.96,0.31,8.1,6369164.47,53.03,61.44,61.44,292.16667,207.75169,70.98619,369.34417,115.21,111.61,117.61,180.1284,72.7328571428571,67.85
"280",2025-04-01,340025,14.042955,14.59108,14.45075,14.693335,3.690312,14.66,14.667,14.48,5.6602,1.06,0.32,8.1,6414504.7,53.05,61.47,61.47,294.06818,215.56909,66.34106,378.0662,111.01,103.94,115.73,180.4688,68.1345,63.5366666666667
"281",2025-05-01,360612,14.34153,14.491605,14.6865,14.81051,1.451132,14.79,14.58,14.64,5.7081,1.14,0.33,8.07,6524577.92,53.6,62,62,292.72727,204.80845,63.30015,387.64998,111.73,103.62,117.14,179.7641,64.453,62.167619047619
"282",2025-06-01,338545,14.36469,14.662745,14.76722,14.94445,1.334044,14.93,14.728,14.69,5.4565,1.1,0.35,8.03,6675873.85,54.5,62.88,62.88,298.2619,195.71908,69.24873,383.52069,112.89,107.86,116.24,NA,71.4447619047619,68.169
"283",2025-07-01,378902,14.4460608695652,14.6396260869565,14.8445956521739,14.9968652173913,-4.165496,14.92,14.72087,14.76,5.6015,1.28,NA,NA,NA,NA,NA,NA,304.93478,192.45259,69.66246,374.76926,108.9,102.7,113.1,NA,71.0413043478261,68.3909090909091
"284",2025-08-01,NA,14.6424470588235,14.4117588235294,14.9007058823529,14.9082058823529,3.722825,NA,NA,NA,5.5107,0.94,NA,NA,NA,NA,NA,NA,NA,NA,NA,NA,NA,NA,NA,NA,67.9491666666667,65.2791666666667
