Data;monit_pib_fgv;monit_pibagro_fgv;monit_pibind_fgv;monit_pibserv_fgv;;monit_pib_fgv;monit_pibagro_fgv;monit_pibind_fgv;monit_pibserv_fgv;;;monit_pib_fgv;monit_pibagro_fgv;monit_pibind_fgv;monit_pibserv_fgv;;;monit_pib_fgv;monit_pibagro_fgv;monit_pibind_fgv;monit_pibserv_fgv;;100;100;100;100
jan/00;103,034;97,261;91,711;108,062;;;;;;;jan/00;;;;;;mar/02;0,033291801;0,708467747;0,065803069;-0,040569062;;103,3291801;170,8467747;106,5803069;95,94309377
fev/00;106,102;133,998;96,334;107,157;;1,000297766;1,003777156;1,000504083;0,999916252;;fev/00;;;;;;jun/02;0,008567832;-0,293283418;0,038122442;0,038839459;;104,2144871;120,7402487;110,6434084;99,66947166
mar/00;110,074;167,004;101,315;107,829;;1,000374357;1,002463171;1,000517055;1,000062712;;mar/00;;;;;;set/02;0,036450583;-0,06131245;0,069038612;0,037341045;;108,0131659;113,3373682;118,2820757;103,3912339
abr/00;107,484;135,241;99,23;108,105;;0,999764704;0,99809807;0,999794206;1,000025596;;abr/00;0,0437;0,4336;0,0815;0,0005;;dez/02;-0,033025673;-0,03690631;-0,086192172;-0,008580051;;104,4459584;109,1545042;108,0870866;102,5041318
mai/00;111,831;131,068;108,404;110,655;;1,000404432;0,99969144;1,000924519;1,000235882;;mai/00;0,0543;0,0248;0,1236;0,0324;;mar/03;0,02126974;0,887912016;-0,024441406;-0,047287458;;106,6674967;206,0741001;105,4452862;97,65697199
jun/00;111,449;126,462;106,696;111,369;;0,999965841;0,999648579;0,999842441;1,000064525;;jun/00;0,0135;-0,2561;0,0561;0,0326;;jun/03;-0,014008261;-0,396318959;0,058621991;0,028956206;;105,1732706;124,4030272;111,6266989;100,4847473
jul/00;113,474;143,319;108,137;112,677;;1,000181697;1,00133297;1,000135057;1,000117447;;jul/00;0,0552;0,0672;0,0902;0,0418;;set/03;0,05193258;-0,123022483;0,113190785;0,04290866;;110,6351899;109,0986579;124,2618125;104,7964132
ago/00;116,074;123,684;113,14;115,558;;1,000229127;0,998629979;1,000462654;1,000255687;;ago/00;0,0377;-0,0390;0,0440;0,0438;;dez/03;-0,038001971;-0,086060924;-0,104779345;-0,00352065;;106,4308346;99,70952663;111,2417412;104,4274617
set/00;113,009;96,655;107,725;115,981;;0,999735944;0,997814673;0,999521389;1,000036605;;set/00;0,0147;-0,2224;0,0119;0,0410;;mar/04;0,080784088;0,890358363;0,0788225;-0,004959334;;115,0287525;188,4867376;120,0100933;103,909571
out/00;115,447;78,698;113,562;118,072;;1,000215735;0,998142155;1,000541843;1,000180288;;out/00;0,0181;-0,5404;0,0526;0,0473;;jun/04;-0,011834284;-0,342210424;0,042007376;0,025936693;;113,6674696;123,9846111;125,0514024;106,6046417
nov/00;115,083;79,984;111,76;118,258;;0,99996847;1,000163409;0,99984132;1,000015753;;nov/00;-0,0080;-0,3876;-0,0096;0,0233;;set/04;0,026841634;-0,163926915;0,075305796;0,028435309;;116,7184902;103,6601963;134,4684979;109,6359776
dez/00;111,423;95,971;101,175;116,108;;0,999681969;1,001998775;0,999052881;0,999818194;;dez/00;-0,0134;0,0301;-0,0564;0,0014;;dez/04;-0,014379166;-0,014009235;-0,090421422;0,020342712;;115,0401757;102,2079962;122,3096651;111,8662707
jan/01;108,379;94,156;99,239;111,809;;0,999726807;0,99981088;0,999808648;0,999629741;;jan/01;-0,0623;0,1973;-0,1297;-0,0536;;mar/05;0,034996251;0,913600644;0,012607583;-0,03513923;;119,0661506;195,5852873;123,8516943;107,9353761
fev/01;107,061;136,47;95,742;108,163;;0,99987839;1,004494031;0,999647618;0,999673908;;fev/01;-0,0713;0,6311;-0,1490;-0,0878;;jun/05;-0,004071773;-0,377767606;0,059003252;0,025839511;;118,5813403;121,6995015;131,159347;110,7243734
mar/01;114,862;179,138;106,277;110,908;;1,00072865;1,003126548;1,001100353;1,000253784;;mar/01;0,0334;0,7444;0,0556;-0,0443;;set/05;0,002815838;-0,177980981;0,009574397;0,020997471;;118,9152462;100,0393048;132,4151187;113,0493052
abr/01;111,675;150,245;102,063;111,767;;0,999722537;0,998387109;0,999603489;1,000077452;;abr/01;0,0329;0,6009;0,0351;0,0005;;dez/05;0,007279209;0,035498583;-0,040437918;0,027744121;;119,7808551;103,5905584;127,060527;116,1857587
mai/01;114,679;127,83;109,674;114,595;;1,000268995;0,998508103;1,000745716;1,000253026;;mai/01;0,0720;0,0014;0,1450;0,0584;;mar/06;0,034969074;0,699629919;0,016611624;-0,020688602;;123,9694807;176,0656124;129,1712087;113,7820378
jun/01;112,103;126,615;103,94;114,274;;0,999775373;0,999904952;0,999477178;0,999971988;;jun/01;-0,0233;-0,3197;-0,0174;0,0302;;jun/06;-0,011346857;-0,270176612;0,008624359;0,014227049;;122,5628167;128,4968018;130,2852276;115,4008205
jul/01;114,852;154,7;105,879;115,311;;1,000245221;1,002218142;1,00018655;1,000090747;;jul/01;0,0290;0,0628;0,0409;0,0316;;set/06;0,021487878;-0,157480442;0,061828784;0,027866868;;125,1964315;108,2610686;138,3406048;118,61668
ago/01;116,509;129,122;109,839;117,725;;1,000144273;0,998346606;1,000374012;1,000209347;;ago/01;0,0165;0,0466;0,0038;0,0272;;dez/06;-0,00621567;0,03484541;-0,048766288;0,01767449;;124,4182519;112,0334699;131,5942471;120,7131693
set/01;112,776;101,536;104,664;117,142;;0,999679596;0,997863571;0,999528856;0,999950478;;set/01;0,0069;-0,1577;0,0089;0,0251;;mar/07;0,053437087;0,619461743;0,050585366;-0,002380647;;131,0668008;181,4339184;138,2509903;120,4257938
out/01;115,558;91,362;110,214;119,303;;1,000246684;0,998997991;1,000530268;1,000184477;;out/01;0,0070;-0,4785;0,0433;0,0344;;jun/07;0,002830395;-0,289447683;0,050322783;0,017735556;;131,4377716;128,9182911;145,2081649;122,5616123
nov/01;114,577;91,15;107,418;119,131;;0,999915108;0,999976796;0,999746312;0,999985583;;nov/01;-0,0159;-0,3159;-0,0195;0,0121;;set/07;0,00589317;-0,100868272;0,015825647;0,016302627;;132,2123567;115,9145259;147,5061781;124,5596885
dez/01;109,999;100,311;96,151;117,56;;0,999600443;1,001005047;0,998951107;0,999868128;;dez/01;-0,0238;-0,0021;-0,0773;0,0038;;dez/07;0,002826879;0,032575142;-0,044484505;0,023870777;;132,586105;119,6904581;140,9444387;127,533025
jan/02;109,075;101,589;97,191;114,84;;0,999915999;1,000127404;1,000108163;0,999768629;;jan/02;-0,0568;0,1109;-0,1194;-0,0378;;mar/08;0,031728943;0,69019693;0,018228096;-0,012974934;;136,7929219;202,3004448;143,5135875;125,8782924
fev/02;109,176;143,544;94,721;112,919;;1,00000926;1,004129876;0,999745861;0,999832724;;fev/02;-0,0474;0,5267;-0,1195;-0,0530;;jun/08;0,023848357;-0,275450027;0,073587952;0,031356185;;140,0552083;146,5767818;154,0744585;129,8253554
mar/02;113,627;183,95;102,338;112,839;;1,00040769;1,002814886;1,000804151;0,999992915;;mar/02;0,0333;0,7085;0,0658;-0,0406;;set/08;0,019785567;-0,146093394;0,049587459;0,019308704;;142,82628;125,1628822;161,7146194;132,3321148
abr/02;115,918;172,67;107,36;114,817;;1,000201625;0,99938679;1,000490727;1,000175294;;abr/02;0,0619;0,6339;0,1041;0,0001;;dez/08;-0,088872352;-0,048574972;-0,218129912;-0,024329389;;130,1329726;119,0830988;126,4398237;129,1125553
mai/02;115,742;129,829;109,511;117,017;;0,999984817;0,997518909;1,000200354;1,000191609;;mai/02;0,0594;-0,0287;0,1496;0,0360;;mar/09;0,054653976;0,733590607;0,061082984;-0,00156216;;137,2452569;206,4413415;134,1631454;128,9108609
jun/02;114,576;131,912;106,119;117,268;;0,999899259;1,000160442;0,999690259;1,00002145;;jun/02;0,0086;-0,2933;0,0381;0,0388;;jun/09;9,77608E-05;-0,362437002;0,062605254;0,017130004;;137,2586742;131,6193606;142,5624632;131,1191044
jul/02;119,656;167,31;111,778;119,292;;1,000443374;1,002683456;1,000533269;1,000172596;;jul/02;0,0327;0,0356;0,0424;0,0386;;set/09;0,039004252;-0,108478668;0,071764727;0,035008264;;142,6123461;117,3414676;152,7934194;135,7093566
ago/02;120,14;146,559;113,486;121,095;;1,000040449;0,998759727;1,000152803;1,000151142;;ago/02;0,0383;0,1601;0,0376;0,0345;;dez/09;-0,002011402;0,016356207;-0,032204185;0,012033839;;142,3254953;119,2607289;147,8728318;137,3424611
set/02;118,707;116,514;113,534;121,696;;0,999880722;0,997949972;1,00000423;1,00004963;;set/02;0,0365;-0,0613;0,0690;0,0373;;mar/10;0,063628023;0,811354535;0,060013267;0,005324944;;151,3813852;216,0234621;156,7471635;138,073802
out/02;122,958;98,732;123,594;124,535;;1,000358109;0,998473831;1,000886078;1,000233286;;out/02;0,0279;-0,4809;0,1043;0,0434;;jun/10;-0,022969764;-0,360198709;0,019721355;0,002437277;;147,9041905;138,21209;159,83843;138,4103261
nov/02;120,144;98,76;116,198;123,805;;0,999771141;1,000002836;0,999401589;0,999941382;;nov/02;0,0010;-0,3570;0,0291;0,0224;;set/10;0,029324688;-0,142979712;0,038850077;0,033738974;;152,2414348;118,4505652;166,0481653;143,0801485
dez/02;114,625;110,177;102,85;120,581;;0,999540635;1,001156035;0,998851271;0,99973959;;dez/02;-0,0330;-0,0369;-0,0862;-0,0086;;dez/10;-0,008036261;0,008142733;-0,056314453;0,015797412;;151,0179829;119,4150765;156,6972537;145,3404445
jan/03;111,3;104,238;99,184;116,868;;0,999709924;0,999460958;0,999643559;0,999692074;;jan/03;-0,0978;0,0619;-0,2102;-0,0627;;mar/11;0,034347374;0,755703423;0,041729276;-0,020835292;;156,2050541;209,6574586;163,2361166;142,3122339
fev/03;112,485;167,443;95,18;115,024;;1,000106469;1,006063528;0,999596306;0,999842215;;fev/03;-0,0643;0,6684;-0,1908;-0,0726;;jun/11;-0,001363139;-0,335851691;0,041696342;0,018876715;;155,9921249;139,2436467;170,0424656;144,9986214
mar/03;116,944;223,36;100,091;114,941;;1,000396408;1,003339465;1,00051597;0,999992784;;mar/03;0,0213;0,8879;-0,0244;-0,0473;;set/11;0,009295412;-0,108876;0,019413723;0,012592048;;157,442136;124,0833554;173,343623;146,824451
abr/03;116,972;207,443;102,119;116,104;;1,000002394;0,999287384;1,000202616;1,000101182;;abr/03;0,0505;0,8704;0,0315;-0,0064;;dez/11;-0,011660166;0,031232829;-0,061693774;0,011793893;;155,6063345;127,9588297;162,6494006;148,5560828
mai/03;116,66;144,11;108,56;117,804;;0,999973327;0,996946969;1,000630735;1,00014642;;mai/03;0,0372;-0,0437;0,1350;0,0240;;mar/12;0,03476455;0,545933493;0,025248388;0,000265154;;161,0159187;197,8158405;166,7560358;148,5954731
jun/03;115,309;141,221;105,878;118,298;;0,999884193;0,999799528;0,999752948;1,000041934;;jun/03;-0,0140;-0,3963;0,0586;0,0290;;jun/12;-0,01585698;-0,190767553;-0,010759794;0,003822565;;158,4626925;160,0789966;164,9617752;149,1634889
jul/03;119,985;171,423;112,983;119,828;;1,000405519;1,002138634;1,000671055;1,000129334;;jul/03;0,0263;-0,1121;0,1055;0,0318;;set/12;0,005455204;-0,146412239;0,038489726;0,003517284;;159,3271388;136,6414723;171,3111088;149,6881392
ago/03;119,422;146,784;114,049;120,521;;0,999953077;0,998562678;1,00009435;1,000057833;;ago/03;0,0243;0,0498;0,0518;0,0229;;dez/12;0,005357091;-0,071435233;-0,069208932;0,041570074;;160,1806688;126,8804568;159,45485;155,9106862
set/03;121,341;118,497;118,225;123,436;;1,000160691;0,998072883;1,000366158;1,000241867;;set/03;0,0519;-0,1230;0,1132;0,0429;;mar/13;0,034558142;0,946413825;0,045937164;-0,026706599;;165,7162152;246,9618753;166,7797536;151,7468421
out/03;122,953;100,44;123,098;124,583;;1,000132849;0,998476164;1,00041218;1,000092923;;out/03;0,0247;-0,4880;0,0873;0,0393;;jun/13;-0,017467902;-0,41341222;0,033535035;0,004415448;;162,8215005;144,864818;172,3727184;152,4168723
nov/03;120,154;102,414;114,882;124,393;;0,999772352;1,000196535;0,999332564;0,999984749;;nov/03;0,0066;-0,3252;0,0111;0,0320;;set/13;0,02248435;-0,111930038;0,045532093;0,02083988;;166,4824362;128,6500935;180,221209;155,5932216
dez/03;116,727;107,203;105,778;122,989;;0,999714783;1,000467612;0,999207535;0,999887132;;dez/03;-0,0380;-0,0861;-0,1048;-0,0035;;dez/13;-0,021563593;-0,035273514;-0,109549177;0,019790009;;162,8924766;124,1121527;160,4781239;158,6724129
jan/04;114,053;108,67;104,075;118,864;;0,999770918;1,000136843;0,999839002;0,999664604;;jan/04;-0,0742;0,0801;-0,1620;-0,0463;;mar/14;0,038820941;0,947395704;0,065449043;-0,034346861;;169,2161158;241,6954729;170,9812635;153,2225135
fev/04;114,013;162,267;98,889;117,288;;0,999996493;1,004932088;0,999501706;0,999867411;;fev/04;-0,0518;0,5540;-0,1451;-0,0581;;jun/14;-0,054926273;-0,457348384;-0,048610885;-0,007801257;;159,9217052;131,1564389;162,669713;152,0271853
mar/04;125,878;224,166;113,212;122,197;;1,001040671;1,003814639;1,001448392;1,000418542;;mar/04;0,0808;0,8904;0,0788;-0,0050;;set/14;0,045879972;-0,069296297;0,088856323;0,031937635;;167,2589086;122,0677834;177,1239454;156,8825741
abr/04;123,156;204,433;110,728;121,82;;0,999783759;0,999119715;0,999780589;0,999969148;;abr/04;0,0821;0,7878;0,0730;0,0255;;dez/14;-0,020430369;0,001162473;-0,104052572;0,016975775;;163,8417473;122,2096839;158,6937434;159,5457774
mai/04;123,432;147,236;116,147;124,637;;1,000022411;0,997202164;1,000489397;1,000231243;;mai/04;0,0847;0,0125;0,1719;0,0619;;mar/15;0,042719329;0,984829087;0,060278647;-0,027393558;;170,8409568;242,5653353;168,2595874;155,1752508
jun/04;124,364;150,983;117,891;125,372;;1,000075507;1,000254489;1,000150155;1,000058971;;jun/04;-0,0118;-0,3422;0,0420;0,0259;;jun/15;-0,075523071;-0,495483013;-0,054048053;-0,031011355;;157,9385232;122,3783322;159,1654843;150,363056
jul/04;128,437;186,868;122,417;126,294;;1,000327506;1,002376758;1,000383914;1,000073541;;jul/04;0,0425;-0,0173;0,1024;0,0364;;set/15;0,006033093;-0,109013223;0,033696598;0,006030689;;158,891381;109,0374758;164,5288196;151,2698488
ago/04;128,292;150,288;126,379;127,501;;0,99998871;0,998042468;1,000323648;1,000095571;;ago/04;0,0392;0,0669;0,0858;0,0228;;dez/15;-0,022274092;-0,019300588;-0,115477108;0,017637003;;155,3522198;106,9329883;145,5295074;153,9377957
set/04;127,679;119,434;126,952;128,97;;0,999952218;0,997947008;1,00004534;1,000115215;;set/04;0,0268;-0,1639;0,0753;0,0284;;mar/16;0,038353905;0,92703344;0,066186351;-0,025665002;;161,3105841;206,0634444;155,1615744;149,9869818
out/04;127,92;96,953;129,406;130,042;;1,000018875;0,998117705;1,000193301;1,00008312;;out/04;-0,0040;-0,5881;0,0562;0,0294;;jun/16;-0,032665554;-0,463774889;0,009622026;-0,005349379;;156,0412845;110,4963934;156,6545431;149,1846446
nov/04;128,429;103,323;125,198;132,081;;1,00003979;1,000657019;0,999674822;1,000156795;;nov/04;0,0011;-0,3277;-0,0087;0,0355;;set/16;0,000346104;-0,110283678;0,017797487;0,002165331;;156,0952911;98,31044468;159,4426003;149,5076787
dez/04;125,829;114,562;115,528;131,599;;0,999797554;1,001087754;0,999227623;0,999963507;;dez/04;-0,0144;-0,0140;-0,0904;0,0203;;dez/16;-0,020658047;-0,00764209;-0,103901248;0,007998085;;152,8706672;97,55914738;142,8763151;150,7034538
jan/05;120,146;106,313;110,579;125,3;;0,999548355;0,999279953;0,999571619;0,999521349;;jan/05;-0,0614;0,1024;-0,1525;-0,0358;;mar/17;0,07252689;1,183489096;0,086664935;-0,014551049;;163,9579013;213,0193345;155,2586816;148,5105605
fev/05;118,934;168,844;103,086;122,499;;0,999899123;1,005881783;0,999322385;0,999776457;;fev/05;-0,0755;0,6251;-0,1877;-0,0739;;jun/17;-0,040165532;-0,533904597;-0,001732672;0,014883254;;157,3724449;99,28733256;154,9896692;150,7208809
mar/05;129,673;235,674;115,798;126,798;;1,000902938;1,003958091;1,001233145;1,000350942;;mar/05;0,0350;0,9136;0,0126;-0,0351;;set/17;0,005048489;-0,172975523;0,036894902;0,007998179;;158,1669379;82,11305423;160,7079979;151,9263735
abr/05;129,538;218,789;117,661;127,768;;0,999989589;0,999283544;1,000160884;1,0000765;;abr/05;0,0792;0,9140;0,0716;0,0204;;dez/17;-0,001177902;0,054810592;-0,082463213;0,024332392;;157,9806327;86,61371936;147,4555001;155,6231056
mai/05;128,87;145,981;122,425;129,677;;0,999948432;0,996672228;1,000404892;1,000149411;;mai/05;0,0841;-0,0100;0,1800;0,0577;;mar/18;0,048843043;1,013768728;0,060869011;-0,017611447;;165,6968875;174,4199995;156,4309705;152,8823575
jun/05;129,144;149,853;122,721;130,098;;1,000021262;1,00026524;1,000024178;1,000032465;;jun/05;-0,0041;-0,3778;0,0590;0,0258;;jun/18;-0,025261452;-0,442327667;0,013983041;0,009046529;;161,5111436;97,26920805;158,6183512;154,2654122
jul/05;130,249;182,345;121;130,051;;1,000085563;1,002168258;0,999859763;0,999996387;;jul/05;0,0055;-0,0902;0,0289;0,0178;;set/18;-0,003776137;-0,153289397;0,007684701;0,003770109;;160,9012553;82,35886984;159,8372858;154,8470096
ago/05;132,854;147,583;126,871;133,439;;1,000200002;0,998093614;1,000485207;1,000260513;;ago/05;0,0307;0,0523;0,0369;0,0289;;dez/18;-0,013745917;-0,035480583;-0,090237404;0,012811044;;158,6895199;79,43672915;145,4139841;156,8307614
set/05;129,435;117,52;123,711;132,813;;0,99974265;0,997962977;0,999750928;0,999953087;;set/05;0,0028;-0,1780;0,0096;0,0210;;mar/19;0,032303617;1,080613196;0,031531587;-0,028281361;;163,8157655;165,2771069;149,9991178;152,3953741
out/05;129,724;94,894;126,626;133,134;;1,000022328;0,998074711;1,00023563;1,000024169;;out/05;-0,0035;-0,5857;0,0472;0,0238;;jun/19;-0,024967102;-0,471302553;0,022577331;0,009086332;;159,7257605;87,38158444;153,3856975;153,7800891
nov/05;130,293;103,458;125,834;133,722;;1,000043862;1,000902481;0,999937454;1,000044166;;nov/05;-0,0191;-0,3059;-0,0076;0,0021;;set/19;0,031380569;-0,120403199;0,064805621;0,027767928;;164,7380457;76,86056217;163,3259528;158,0502435
dez/05;130,379;117,745;118,569;136,518;;1,000006601;1,001380947;0,999422652;1,000209091;;dez/05;0,0073;0,0355;-0,0404;0,0277;;dez/19;-0,017326778;-0,045656984;-0,105832522;0,016560916;;161,8836662;73,35134074;146,0407554;160,6677003
jan/06;125,767;126,404;113,52;130,149;;0,999646262;1,000735403;0,999574172;0,999533468;;jan/06;-0,0303;0,3022;-0,1065;-0,0213;;mar/20;0,016116873;1,211209139;0,017404217;-0,051867938;;164,4927247;162,195155;148,5824804;152,334198
fev/06;124,27;169,395;107,299;128,258;;0,99988097;1,003401079;0,999451991;0,999854705;;fev/06;-0,0466;0,5526;-0,1550;-0,0403;;jun/20;-0,072919691;-0,49155239;-0,000326977;-0,047290387;;152,4979661;82,46773893;148,5338973;145,1302549
mar/06;134,495;217,597;119,54;133,454;;1,000822805;1,002845539;1,001140831;1,000405121;;mar/06;0,0350;0,6996;0,0166;-0,0207;;set/20;0,080677243;-0,162123036;0,15031155;0,07451653;;164,8010816;69,09781873;170,8602577;155,9448578
abr/06;129,608;191,271;112,926;132,124;;0,999636641;0,998790149;0,999446712;0,99990034;;abr/06;0,0340;0,5039;0,0039;0,0160;;dez/20;0,004809851;-0,043985531;-0,077114184;0,032019951;;165,5937503;66,05851446;157,6845083;160,9382045
mai/06;133,984;159,471;123,274;135,181;;1,000337633;0,998337437;1,000916352;1,000231374;;mai/06;0,0797;-0,0033;0,1504;0,0537;;mar/21;0,048161845;1,298184048;0,056094112;-0,036846023;;173,5690508;151,8146241;166,5296808;155,0082717
jun/06;132,81;162,168;119,869;135,324;;0,999912378;1,000169122;0,999723786;1,000010578;;jun/06;-0,0113;-0,2702;0,0086;0,0142;;jun/21;-0,045381715;-0,579041536;-0,006264066;0,01868146;;165,6921895;63,90765092;165,4865278;157,9040525
jul/06;135,779;203,417;123,487;135,45;;1,000223552;1,002543597;1,000301829;1,000009311;;jul/06;0,0474;0,1046;0,0942;0,0251;;set/21;0,016562372;-0,136051139;0,023139061;0,022297499;;168,4364451;55,21294224;169,3157306;161,424918
ago/06;138,803;165,455;130,313;139,038;;1,000222715;0,998133784;1,000552771;1,000264895;;ago/06;0,0359;0,0842;0,0578;0,0285;;dez/21;0,007308914;0,028607766;-0,089371561;0,041431762;;169,6675327;56,79246115;154,1837194;168,1130367
set/06;135,592;128,295;127,234;139,1;;0,999768665;0,997754072;0,999763723;1,000004459;;set/06;0,0215;-0,1575;0,0618;0,0279;;mar/22;0,054043031;1,137410927;0,074975934;-0,033813707;;178,8368805;121,388827;165,7437877;162,4285117
out/06;137,043;108,347;133,999;139,224;;1,000107012;0,998445146;1,000531698;1,000008914;;out/06;0,0098;-0,5656;0,0848;0,0278;;jun/22;-0,040250535;-0,485046259;0,010265758;0,0150891;;171,6386004;62,50963056;167,4452733;164,8794118
nov/06;137,354;110,774;131,667;140,593;;1,000022694;1,000224003;0,999825969;1,000098331;;nov/06;-0,0102;-0,3574;0,0121;0,0112;;set/22;0,023777501;-0,136756813;0,040090759;0,032816909;;175,7197373;53,96101272;174,1582813;170,2902444
dez/06;134,719;129,405;120,542;141,57;;0,99980816;1,001681893;0,999155065;1,000069491;;dez/06;-0,0062;0,0348;-0,0488;0,0177;;dez/22;-0,016383676;-0,055069702;-0,08513928;0,015389649;;172,840802;50,98939581;159,3305706;172,9109515
jan/07;132,566;133,181;117,941;137,857;;0,999840186;1,000291797;0,999784225;0,999737727;;jan/07;-0,0329;0,2199;-0,1234;-0,0094;;mar/23;0,09745605;1,529347057;0,064491038;-0,012822548;;189,6851839;128,9698782;169,6059645;170,6937925
fev/07;130,36;176,965;110,937;135,219;;0,999833592;1,003287556;0,999406144;0,999808642;;fev/07;-0,0518;0,5268;-0,1654;-0,0384;;jun/23;-0,05605988;-0,543631783;0,01755597;0,005031959;;179,0514552;58,85775335;172,5835617;171,5527168
mar/07;141,582;223,064;125,541;141,033;;1,000860847;1,002604978;1,001316423;1,000429969;;mar/07;0,0534;0,6195;0,0506;-0,0024;;set/23;0,001918649;-0,254194309;0,034574729;0,017282902;;179,3949921;43,8964474;178,5505916;174,5176456
abr/07;137,864;194,925;122,37;139,81;;0,999737396;0,998738523;0,999747413;0,999913283;;abr/07;0,0432;0,4632;0,0469;0,0152;;dez/23;-0,010731287;-0,06903535;-0,070834572;0,019594213;;177,469853;40,86604078;165,9030368;177,9371816
mai/07;142,6;158,787;133,387;143,437;;1,000343527;0,998146056;1,000900302;1,000259424;;mai/07;0,0942;-0,0516;0,1965;0,0603;;mar/24;0,065950524;1,356045892;0,023829777;-0,02196574;;189,1740827;96,28226752;169,8564692;174,0286597
jun/07;141,851;162,269;131,464;143,504;;0,999947475;1,000219287;0,999855833;1,000004671;;jun/07;0,0028;-0,2894;0,0503;0,0177;;jun/24;-0,02133253;-0,498142421;0,048336381;0,01880789;;185,138521;48,31998566;178,0667161;177,3017716
jul/07;144,618;216,108;134,27;143,56;;1,000195064;1,003317886;1,000213442;1,000003902;;jul/07;0,0486;0,1677;0,0970;0,0268;;set/24;0,012665115;-0,233925827;0,036401795;0,026576557;;187,4833216;37,01669304;184,5486642;182,0138422
ago/07;147,059;171,457;139,999;146,421;;1,00016879;0,997933857;1,000426678;1,000199289;;ago/07;0,0311;0,1464;0,0496;0,0208;;dez/24;-0,031646439;-0,051213415;-0,097248078;-0,000994979;;181,5501421;35,12094178;166,6016613;181,8327423
set/07;142,576;132,866;133,256;145,833;;0,999695156;0,997749232;0,999518354;0,999959842;;set/07;0,0059;-0,1009;0,0158;0,0163;;mar/25;0,077296426;1,47435605;0,053002231;-0,022445523;;195,5833192;86,90171479;175,431921;177,7514112
out/07;147,762;112,109;142,439;149,378;;1,000363736;0,998437749;1,000689125;1,000243086;;out/07;0,0228;-0,5868;0,0634;0,0402;;jun/25;-0,037316064;-0,546706024;0,013682427;0,021620633;;188,2849195;39,39202379;177,8322555;181,5945093
nov/07;145,672;117,036;136,182;149,04;;0,999858556;1,000439483;0,999560724;0,999977373;;nov/07;-0,0083;-0,3372;-0,0232;0,0180;;;;;;;;;;;
dez/07;142,847;134,016;126,728;149,312;;0,999806071;1,001450836;0,999305782;1,00001825;;dez/07;0,0028;0,0326;-0,0445;0,0239;;;;;;;;;;;
jan/08;141,598;130,735;128,674;145,221;;0,999912564;0,999755178;1,000153557;0,99972601;;jan/08;-0,0423;0,1646;-0,0980;-0,0278;;;;;;;;;;;
fev/08;140,538;188,051;122,343;143,514;;0,99992514;1,004384136;0,999507981;0,999882455;;fev/08;-0,0356;0,5595;-0,1033;-0,0373;;;;;;;;;;;
mar/08;147,279;239,809;128,717;147,272;;1,000479657;1,002752338;1,000520994;1,000261856;;mar/08;0,0317;0,6902;0,0182;-0,0130;;;;;;;;;;;
abr/08;148,504;220,521;131,963;148,541;;1,000083175;0,999195693;1,000252181;1,000086167;;abr/08;0,0488;0,6338;0,0281;0,0230;;;;;;;;;;;
mai/08;149,751;175,465;137,146;150,95;;1,000083971;0,997956839;1,000392762;1,000162177;;mai/08;0,0647;-0,0101;0,1166;0,0510;;;;;;;;;;;
jun/08;150,819;177,072;138,391;151,934;;1,000071318;1,000091585;1,000090779;1,000065187;;jun/08;0,0238;-0,2755;0,0736;0,0314;;;;;;;;;;;
jul/08;156,19;225,288;145,23;153,424;;1,000356122;1,00272296;1,00049418;1,000098069;;jul/08;0,0511;0,0766;0,0978;0,0325;;;;;;;;;;;
ago/08;154,649;180,247;144,624;154,564;;0,999901338;0,998000737;0,999958273;1,000074304;;ago/08;0,0329;0,0810;0,0543;0,0238;;;;;;;;;;;
set/08;153,728;140,996;145,252;154,884;;0,999940446;0,997822377;1,000043423;1,000020703;;set/08;0,0198;-0,1461;0,0496;0,0193;;;;;;;;;;;
out/08;154,094;116,623;147,936;155,202;;1,000023808;0,998271369;1,000184782;1,000020531;;out/08;-0,0134;-0,5894;0,0186;0,0116;;;;;;;;;;;
nov/08;146,326;118,198;133,021;150,979;;0,999495892;1,000135051;0,998991794;0,999727903;;nov/08;-0,0540;-0,3768;-0,0780;-0,0231;;;;;;;;;;;
dez/08;140,347;131,316;114,946;151,104;;0,999591392;1,001109833;0,998641192;1,000008279;;dez/08;-0,0889;-0,0486;-0,2181;-0,0243;;;;;;;;;;;
jan/09;135,89;126,571;111,534;145,346;;0,99968243;0,999638658;0,999703165;0,999618938;;jan/09;-0,1230;0,0883;-0,2662;-0,0645;;;;;;;;;;;
fev/09;135,504;182,02;106,264;144,335;;0,999971595;1,004380861;0,999527498;0,999930442;;fev/09;-0,0754;0,5132;-0,2127;-0,0442;;;;;;;;;;;
mar/09;147,602;242,172;120,94;150,616;;1,000892815;1,003304692;1,001381089;1,000435168;;mar/09;0,0547;0,7336;0,0611;-0,0016;;;;;;;;;;;
abr/09;144,648;218,536;119,347;149,016;;0,999799867;0,999023999;0,999868282;0,99989377;;abr/09;0,0664;0,6717;0,0776;0,0259;;;;;;;;;;;
mai/09;146,965;161,981;127,21;152,341;;1,000160182;0,997412097;1,000658835;1,00022313;;mai/09;0,0853;-0,0268;0,1909;0,0552;;;;;;;;;;;
jun/09;147,567;160,957;128,469;153,17;;1,000040962;0,999936783;1,00009897;1,000054417;;jun/09;0,0001;-0,3624;0,0626;0,0171;;;;;;;;;;;
jul/09;152,298;198,232;135,065;154,111;;1,0003206;1,002315836;1,000513431;1,000061435;;jul/09;0,0522;-0,0341;0,1272;0,0339;;;;;;;;;;;
ago/09;153,514;170,878;137,159;156,704;;1,000079843;0,998620102;1,000155036;1,000168255;;ago/09;0,0441;0,0869;0,0768;0,0284;;;;;;;;;;;
set/09;153,354;136,435;137,832;158,59;;0,999989577;0,997984351;1,000049067;1,000120354;;set/09;0,0390;-0,1085;0,0718;0,0350;;;;;;;;;;;
out/09;156,28;116,21;145,333;159,84;;1,0001908;0,998517609;1,000544213;1,00007882;;out/09;0,0260;-0,4870;0,0748;0,0367;;;;;;;;;;;
nov/09;154,955;118,42;139,982;160,379;;0,999915216;1,000190173;0,999631811;1,000033721;;nov/09;0,0096;-0,3306;0,0225;0,0233;;;;;;;;;;;
dez/09;153,001;135,685;133,014;160,504;;0,999873899;1,001457946;0,999502222;1,000007794;;dez/09;-0,0020;0,0164;-0,0322;0,0120;;;;;;;;;;;
jan/10;148,127;130,339;128,98;154,342;;0,99968144;0,999605999;0,999696724;0,999616084;;jan/10;-0,0529;0,1254;-0,1169;-0,0342;;;;;;;;;;;
fev/10;147,267;194,28;121,981;152,333;;0,999941942;1,004905746;0,999457358;0,999869835;;fev/10;-0,0503;0,5974;-0,1343;-0,0506;;;;;;;;;;;
mar/10;162,189;263,979;139,633;160,979;;1,001013262;1,003587554;1,001447111;1,000567572;;mar/10;0,0636;0,8114;0,0600;0,0053;;;;;;;;;;;
abr/10;158,543;245,751;137,315;158,865;;0,999775201;0,999309491;0,999833993;0,999868679;;abr/10;0,0730;0,7815;0,0738;0,0306;;;;;;;;;;;
mai/10;159,588;175,603;144,236;161,719;;1,000065913;0,997145566;1,000504024;1,000179649;;mai/10;0,0854;0,0032;0,1786;0,0616;;;;;;;;;;;
jun/10;158,458;174,563;142,207;161,332;;0,999929193;0,999940775;0,999859328;0,99997607;;jun/10;-0,0230;-0,3602;0,0197;0,0024;;;;;;;;;;;
jul/10;163,384;213,908;147,255;163,376;;1,000310871;1,002253914;1,000354975;1,000126695;;jul/10;0,0306;-0,0666;0,0718;0,0282;;;;;;;;;;;
ago/10;164,408;177,217;149,179;166,071;;1,000062674;0,99828473;1,000130658;1,000164957;;ago/10;0,0303;0,0476;0,0345;0,0268;;;;;;;;;;;
set/10;163,088;142,42;147,73;166,83;;0,999919712;0,998036475;0,999902868;1,000045703;;set/10;0,0293;-0,1430;0,0389;0,0337;;;;;;;;;;;
out/10;164,131;117,139;151,531;167,886;;1,000063953;0,998224898;1,000257294;1,000063298;;out/10;0,0046;-0,5444;0,0291;0,0274;;;;;;;;;;;
nov/10;164,765;124,859;150,255;168,813;;1,000038628;1,000659046;0,999915793;1,000055216;;nov/10;0,0022;-0,3079;0,0076;0,0164;;;;;;;;;;;
dez/10;161,751;139,842;139,195;169,479;;0,999817073;1,001199994;0,999263918;1,000039452;;dez/10;-0,0080;0,0081;-0,0563;0,0158;;;;;;;;;;;
jan/11;156,432;146,434;135,5;162,249;;0,999671161;1,000471389;0,999734545;0,999573398;;jan/11;-0,0473;0,2332;-0,1085;-0,0332;;;;;;;;;;;
fev/11;157,886;205,922;133,01;161,635;;1,000092948;1,004062445;0,999816236;0,999962157;;fev/11;-0,0419;0,5741;-0,1185;-0,0425;;;;;;;;;;;
mar/11;167,036;267,856;144,54;165,776;;1,000579532;1,003007644;1,000866852;1,000256195;;mar/11;0,0343;0,7557;0,0417;-0,0208;;;;;;;;;;;
abr/11;163,062;237,804;140,328;164,567;;0,999762087;0,998878054;0,999708593;0,99992707;;abr/11;0,0434;0,5952;0,0391;0,0145;;;;;;;;;;;
mai/11;169,307;179,18;155,411;169,452;;1,000382983;0,997534777;1,001074839;1,00029684;;mai/11;0,0725;-0,0588;0,1651;0,0480;;;;;;;;;;;
jun/11;166,622;183,242;149,725;168,857;;0,999841412;1,000226699;0,999634131;0,999964887;;jun/11;-0,0014;-0,3359;0,0417;0,0189;;;;;;;;;;;
jul/11;169,025;231,584;152,006;168,51;;1,000144219;1,002638151;1,000152346;0,99997945;;jul/11;0,0369;0,0393;0,0861;0,0241;;;;;;;;;;;
ago/11;171,096;189,467;157,278;170,769;;1,000122526;0,998181351;1,000346828;1,000134057;;ago/11;0,0108;0,1042;0,0133;0,0078;;;;;;;;;;;
set/11;168,123;153,432;152,482;170,981;;0,999826238;0,998098086;0,999695062;1,000012414;;set/11;0,0093;-0,1089;0,0194;0,0126;;;;;;;;;;;
out/11;168,219;130,354;154,153;171,252;;1,00000571;0,998495881;1,000109587;1,00001585;;out/11;-0,0046;-0,5216;0,0151;0,0162;;;;;;;;;;;
nov/11;168,876;138,027;151,902;172,471;;1,000039056;1,000588628;0,999853976;1,000071182;;nov/11;-0,0129;-0,2817;-0,0341;0,0099;;;;;;;;;;;
dez/11;166,151;155,002;143,084;173,004;;0,999838639;1,001229832;0,999419494;1,000030904;;dez/11;-0,0117;0,0312;-0,0617;0,0118;;;;;;;;;;;
jan/12;159,369;128,74;140,607;164,989;;0,999591817;0,998305699;0,999826885;0,999536716;;jan/12;-0,0530;0,0122;-0,0899;-0,0361;;;;;;;;;;;
fev/12;158,826;185,401;136,051;162,756;;0,999965928;1,004401196;0,999675976;0,999864658;;fev/12;-0,0604;0,3933;-0,1077;-0,0568;;;;;;;;;;;
mar/12;171,377;236,432;146,254;172,547;;1,000790236;1,002752466;1,000749939;1,000601575;;mar/12;0,0348;0,5459;0,0252;0,0003;;;;;;;;;;;
abr/12;164,633;218,842;138,939;167,749;;0,999606482;0,999256023;0,999499843;0,999721931;;abr/12;0,0362;0,6416;-0,0075;0,0188;;;;;;;;;;;
mai/12;170,866;187,842;148,179;174,217;;1,0003786;0,998583453;1,00066504;1,000385576;;mai/12;0,0775;0,0587;0,0915;0,0709;;;;;;;;;;;
jun/12;168,414;192,582;144,147;173,012;;0,999856496;1,00025234;0,999727897;0,999930833;;jun/12;-0,0159;-0,1908;-0,0108;0,0038;;;;;;;;;;;
jul/12;174,199;249,371;151,674;174,856;;1,000343499;1,002948822;1,000522175;1,000106582;;jul/12;0,0579;0,1781;0,0915;0,0423;;;;;;;;;;;
ago/12;177,679;200,862;158,799;178,674;;1,000199772;0,998054746;1,000469758;1,000218351;;ago/12;0,0400;0,1250;0,0720;0,0256;;;;;;;;;;;
set/12;168,999;151,46;149,165;173,498;;0,999511479;0,9975405;0,999393321;0,99971031;;set/12;0,0055;-0,1464;0,0385;0,0035;;;;;;;;;;;
out/12;174,649;129,588;155,698;178,399;;1,000334322;0,998555922;1,000437971;1,000282482;;out/12;0,0045;-0,5838;0,0301;0,0211;;;;;;;;;;;
nov/12;171,316;129,742;148,529;176,715;;0,99980916;1,000011884;0,999539557;0,999905605;;nov/12;-0,0345;-0,3888;-0,0629;-0,0102;;;;;;;;;;;
dez/12;169,777;139,069;138,586;180,737;;0,999910166;1,000718888;0,999330568;1,000227598;;dez/12;0,0054;-0,0714;-0,0692;0,0416;;;;;;;;;;;
jan/13;164,982;141,454;140,221;171,221;;0,999717571;1,000171498;1,000117977;0,999473489;;jan/13;-0,0563;0,0902;-0,1012;-0,0393;;;;;;;;;;;
fev/13;162,736;227,523;132,352;167,502;;0,999863864;1,006084593;0,999438814;0,999782795;;fev/13;-0,0508;0,6981;-0,1112;-0,0516;;;;;;;;;;;
mar/13;175,176;300,036;144,304;175,49;;1,000764428;1,003187062;1,000903046;1,00047689;;mar/13;0,0346;0,9464;0,0459;-0,0267;;;;;;;;;;;
abr/13;177,521;283,593;149,451;177,26;;1,000133865;0,999451966;1,000356678;1,00010086;;abr/13;0,0762;0,8738;0,0698;0,0360;;;;;;;;;;;
mai/13;174,573;191,564;151,914;177,405;;0,999833935;0,996754892;1,000164803;1,00000818;;mai/13;0,0732;-0,0616;0,1425;0,0586;;;;;;;;;;;
jun/13;172,086;184,973;149,087;176,254;;0,999857538;0,999655937;0,999813908;0,99993512;;jun/13;-0,0175;-0,4134;0,0335;0,0044;;;;;;;;;;;
jul/13;179,481;235,387;156,336;180,385;;1,000429727;1,002725479;1,000486226;1,000234378;;jul/13;0,0121;-0,0872;0,0465;0,0178;;;;;;;;;;;
ago/13;179,973;196,634;160,754;181,178;;1,000027412;0,998353647;1,000282596;1,000043962;;ago/13;0,0315;0,0730;0,0583;0,0213;;;;;;;;;;;
set/13;175,794;153,54;155,716;179,911;;0,999767799;0,997808416;0,999686602;0,999930069;;set/13;0,0225;-0,1119;0,0455;0,0208;;;;;;;;;;;
out/13;180,287;132,787;161,772;183,622;;1,000255583;0,998648365;1,000388913;1,000206269;;out/13;0,0051;-0,5181;0,0358;0,0180;;;;;;;;;;;
nov/13;176,605;135,9;154,248;181,698;;0,99979577;1,000234436;0,999534901;0,99989522;;nov/13;-0,0181;-0,3307;-0,0390;0,0032;;;;;;;;;;;
dez/13;171,891;146,305;138,527;183,45;;0,999733077;1,000765636;0,998980797;1,000096424;;dez/13;-0,0216;-0,0353;-0,1095;0,0198;;;;;;;;;;;
jan/14;170,244;153,37;143,43;177,325;;0,999904183;1,000482895;1,000353938;0,999666122;;jan/14;-0,0567;0,1484;-0,1130;-0,0342;;;;;;;;;;;
fev/14;171,559;242,788;141,967;174,22;;1,000077242;1,005830215;0,999897999;0,999824898;;fev/14;-0,0286;0,7086;-0,0768;-0,0413;;;;;;;;;;;
mar/14;178,538;318,98;147,681;177,104;;1,000406799;1,003138211;1,000402488;1,000165538;;mar/14;0,0388;0,9474;0,0654;-0,0343;;;;;;;;;;;
abr/14;176,967;293,011;144,651;177,938;;0,999912008;0,999185874;0,999794828;1,000047091;;abr/14;0,0396;0,8165;0,0095;0,0037;;;;;;;;;;;
mai/14;176,092;184,826;149,581;180,868;;0,999950556;0,996307818;1,00034082;1,000164664;;mai/14;0,0269;-0,1379;0,0538;0,0377;;;;;;;;;;;
jun/14;168,839;183,523;140,283;175,628;;0,999588113;0,999929501;0,999378397;0,999710286;;jun/14;-0,0549;-0,4573;-0,0486;-0,0078;;;;;;;;;;;
jul/14;178,286;235,061;150,442;181,455;;1,000559527;1,002808258;1,000724179;1,000331781;;jul/14;0,0098;-0,0965;0,0443;0,0207;;;;;;;;;;;
ago/14;177,047;196,597;152,655;180,902;;0,999930505;0,998363659;1,0001471;0,999969524;;ago/14;0,0078;0,1097;0,0249;0,0011;;;;;;;;;;;
set/14;176,495;160,067;152,917;181,229;;0,999968822;0,998141884;1,000017163;1,000018076;;set/14;0,0459;-0,0693;0,0889;0,0319;;;;;;;;;;;
out/14;180,188;133,193;158,393;184,763;;1,000209241;0,998321078;1,000358103;1,000195002;;out/14;0,0109;-0,5164;0,0522;0,0183;;;;;;;;;;;
nov/14;174,592;137,017;148,611;180,765;;0,999689435;1,000287102;0,999382422;0,999783615;;nov/14;-0,0133;-0,3248;-0,0243;-0,0003;;;;;;;;;;;
dez/14;172,795;156,28;137,004;184,221;;0,999897074;1,001405884;0,999218968;1,000191187;;dez/14;-0,0204;0,0012;-0,1041;0,0170;;;;;;;;;;;
jan/15;167,152;159,623;138,177;174,451;;0,999673428;1,000213911;1,000085618;0,999469659;;jan/15;-0,0740;0,1908;-0,1313;-0,0556;;;;;;;;;;;
fev/15;165,178;260,229;132,198;169,171;;0,999881904;1,006302726;0,999567294;0,999697336;;fev/15;-0,0548;0,7933;-0,1128;-0,0642;;;;;;;;;;;
mar/15;179,585;346,332;144,76;178,634;;1,000872211;1,00330874;1,000950241;1,000559375;;mar/15;0,0427;0,9848;0,0603;-0,0274;;;;;;;;;;;
abr/15;172,147;311,858;136,854;174,319;;0,999585823;0,999004597;0,999453855;0,999758445;;abr/15;0,0340;0,8627;-0,0029;0,0015;;;;;;;;;;;
mai/15;169,126;190,199;140,104;175,153;;0,99982451;0,996098898;1,000237479;1,000047843;;mai/15;0,0282;-0,1600;0,0641;0,0366;;;;;;;;;;;
jun/15;166,323;189,01;136,857;173,114;;0,999834266;0,999937487;0,999768244;0,999883587;;jun/15;-0,0755;-0,4955;-0,0540;-0,0310;;;;;;;;;;;
jul/15;171,737;235,047;142,882;176,063;;1,000325511;1,002435691;1,000440241;1,00017035;;jul/15;-0,0016;-0,1537;0,0446;0,0102;;;;;;;;;;;
ago/15;170,209;195,819;145,581;174,931;;0,999911027;0,998331057;1,000188897;0,999935705;;ago/15;0,0071;0,0700;0,0397;-0,0010;;;;;;;;;;;
set/15;167,211;159,565;141,329;174,131;;0,999823864;0,998148596;0,999707929;0,999954268;;set/15;0,0060;-0,1090;0,0337;0,0060;;;;;;;;;;;
out/15;170,282;135,059;146,075;176,941;;1,00018366;0,9984642;1,000335812;1,000161373;;out/15;-0,0081;-0,5048;0,0233;0,0051;;;;;;;;;;;
nov/15;164,766;137,807;135,847;173,427;;0,999676067;1,000203467;0,999299812;0,999801403;;nov/15;-0,0316;-0,3182;-0,0657;-0,0083;;;;;;;;;;;
dez/15;163,408;153,533;125,109;177,132;;0,99991758;1,001141161;0,999209552;1,000213635;;dez/15;-0,0223;-0,0193;-0,1155;0,0176;;;;;;;;;;;
jan/16;157,234;146,11;125,477;167,734;;0,999622173;0,999516521;1,000029414;0,999469435;;jan/16;-0,0784;0,0861;-0,1461;-0,0516;;;;;;;;;;;
fev/16;159,051;243,118;125,405;165,503;;1,00011556;1,006639381;0,999994262;0,999866992;;fev/16;-0,0345;0,7301;-0,0767;-0,0450;;;;;;;;;;;
mar/16;169,326;318,45;133,408;172,241;;1,000646019;1,003098578;1,000638172;1,000407123;;mar/16;0,0384;0,9270;0,0662;-0,0257;;;;;;;;;;;
abr/16;165,414;289,925;129,966;170,352;;0,999768966;0,999104255;0,999741994;0,999890328;;abr/16;0,0530;0,8854;0,0374;0,0164;;;;;;;;;;;
mai/16;162,049;182,655;133,102;169,699;;0,999796571;0,996300078;1,000241294;0,999961668;;mai/16;0,0211;-0,1508;0,0621;0,0259;;;;;;;;;;;
jun/16;163,796;181,822;134,606;171,303;;1,000107807;0,999954395;1,000112996;1,00009452;;jun/16;-0,0327;-0,4638;0,0096;-0,0053;;;;;;;;;;;
jul/16;165,55;218,825;136,917;171,549;;1,000107084;1,002035122;1,000171686;1,000014361;;jul/16;0,0011;-0,1718;0,0526;0,0071;;;;;;;;;;;
ago/16;167,314;190,028;141,235;173,384;;1,000106554;0,998684017;1,000315374;1,000106967;;ago/16;0,0321;0,0671;0,0600;0,0216;;;;;;;;;;;
set/16;163,798;155,481;136,871;171,656;;0,999789856;0,998182005;0,999691011;0,999900337;;set/16;0,0003;-0,1103;0,0178;0,0022;;;;;;;;;;;
out/16;163,654;130,855;136,728;172,141;;0,999991209;0,998416141;0,999989552;1,000028254;;out/16;-0,0112;-0,4710;-0,0004;0,0036;;;;;;;;;;;
nov/16;163,105;136,357;133,053;172,279;;0,999966454;1,000420465;0,999731218;1,000008017;;nov/16;-0,0252;-0,2980;-0,0588;-0,0063;;;;;;;;;;;
dez/16;160,426;151,205;122,941;173,032;;0,99983575;1,001088906;0,999240002;1,000043708;;dez/16;-0,0207;-0,0076;-0,1039;0,0080;;;;;;;;;;;
jan/17;156,751;168,641;123,114;166,447;;0,999770922;1,001153136;1,000014072;0,999619435;;jan/17;-0,0427;0,2665;-0,1015;-0,0329;;;;;;;;;;;
fev/17;158,379;295,468;120,432;162,654;;1,000103859;1,007520532;0,999782153;0,99977212;;fev/17;-0,0289;0,9781;-0,0964;-0,0565;;;;;;;;;;;
mar/17;171,851;387,814;133,326;170,187;;1,000850618;1,003125415;1,001070646;1,00046313;;mar/17;0,0725;1,1835;0,0867;-0,0146;;;;;;;;;;;
abr/17;163,62;341,177;122,594;166,698;;0,999521039;0,998797439;0,999195056;0,99979499;;abr/17;0,0475;0,9454;0,0047;0,0030;;;;;;;;;;;
mai/17;166,655;213,564;133,916;173,549;;1,000185491;0,996259625;1,000923536;1,000410983;;mai/17;0,0557;-0,1828;0,1189;0,0669;;;;;;;;;;;
jun/17;164,853;204,966;132,106;172,559;;0,999891872;0,999597404;0,999864841;0,999942956;;jun/17;-0,0402;-0,5339;-0,0017;0,0149;;;;;;;;;;;
jul/17;168,768;250,004;135,383;174,238;;1,000237484;1,00219734;1,000248058;1,0000973;;jul/17;0,0315;-0,1953;0,1037;0,0451;;;;;;;;;;;
ago/17;170,478;212,143;141,288;176,117;;1,000101323;0,998485584;1,00043617;1,000107841;;ago/17;0,0231;0,0277;0,0549;0,0148;;;;;;;;;;;
set/17;165,564;161,065;136,835;173,913;;0,999711752;0,997592284;0,999684828;0,999874856;;set/17;0,0050;-0,1730;0,0369;0,0080;;;;;;;;;;;
out/17;167,654;135,87;140,624;175,988;;1,000126235;0,998435725;1,000276903;1,000119313;;out/17;-0,0061;-0,5477;0,0398;0,0102;;;;;;;;;;;
nov/17;166,734;140,534;136,673;176,056;;0,999945125;1,000343269;0,999719038;1,000003864;;nov/17;-0,0217;-0,3626;-0,0319;-0,0002;;;;;;;;;;;
dez/17;165,348;165,434;125,459;178,171;;0,999916874;1,001771813;0,999179501;1,000120132;;dez/17;-0,0012;0,0548;-0,0825;0,0243;;;;;;;;;;;
jan/18;162,11;170,825;127,682;171,177;;0,999804171;1,00032587;1,000177189;0,999607456;;jan/18;-0,0334;0,2442;-0,0924;-0,0269;;;;;;;;;;;
fev/18;161,025;285,093;121,537;166,975;;0,99993307;1,006689185;0,999518726;0,999754523;;fev/18;-0,0346;0,8801;-0,1124;-0,0518;;;;;;;;;;;
mar/18;173,124;373,435;132,635;174,691;;1,000751374;1,003098708;1,000913138;1,000462105;;mar/18;0,0488;1,0138;0,0609;-0,0176;;;;;;;;;;;
abr/18;171,219;344,9;131,704;174,384;;0,999889963;0,999235878;0,999929807;0,999982426;;abr/18;0,0574;0,9037;0,0361;0,0199;;;;;;;;;;;
mai/18;163,383;206,913;127,222;172,539;;0,999542341;0,995999217;0,999659691;0,999894199;;mai/18;0,0183;-0,1678;0,0502;0,0339;;;;;;;;;;;
jun/18;168,533;213,952;134,226;176,229;;1,00031521;1,000340191;1,000550534;1,000213865;;jun/18;-0,0253;-0,4423;0,0140;0,0090;;;;;;;;;;;
jul/18;172,553;264,895;139,266;177,377;;1,000238529;1,002381048;1,000375486;1,000065143;;jul/18;0,0096;-0,1290;0,0586;0,0173;;;;;;;;;;;
ago/18;174,953;216,788;143,567;180,958;;1,000139088;0,998183922;1,000308833;1,000201886;;ago/18;0,0693;0,0901;0,1235;0,0481;;;;;;;;;;;
set/18;167,688;171,428;134,85;176,809;;0,999584746;0,997907633;0,999392827;0,99977072;;set/18;-0,0038;-0,1533;0,0077;0,0038;;;;;;;;;;;
out/18;172,299;149,87;142,438;180,037;;1,000274975;0,998742446;1,000562699;1,00018257;;out/18;-0,0001;-0,5157;0,0264;0,0155;;;;;;;;;;;
nov/18;169,946;150,126;135,72;179,475;;0,999863435;1,000017081;0,999528356;0,999968784;;nov/18;-0,0277;-0,3330;-0,0516;-0,0078;;;;;;;;;;;
dez/18;165,259;163,439;122,242;179,058;;0,999724207;1,000886788;0,999006926;0,999976766;;dez/18;-0,0137;-0,0355;-0,0902;0,0128;;;;;;;;;;;
jan/19;164,244;164,066;126,748;174,823;;0,999938581;1,000038363;1,000368613;0,999763484;;jan/19;-0,0474;0,0942;-0,1096;-0,0291;;;;;;;;;;;
fev/19;165,882;290,765;123,447;172,303;;1,00009973;1,007722441;0,999739562;0,999855854;;fev/19;-0,0237;0,8655;-0,0885;-0,0404;;;;;;;;;;;
mar/19;170,605;378,622;126,005;173,989;;1,00028472;1,003021581;1,000207214;1,000097851;;mar/19;0,0323;1,0806;0,0315;-0,0283;;;;;;;;;;;
abr/19;171,292;352,902;127,637;175,516;;1,000040268;0,999320695;1,000129519;1,000087764;;abr/19;0,0425;1,0081;0,0076;0,0041;;;;;;;;;;;
mai/19;171,42;209,054;135,615;178,896;;1,000007473;0,995923854;1,000625054;1,000192575;;mai/19;0,0332;-0,1745;0,0962;0,0378;;;;;;;;;;;
jun/19;166,322;209,887;128,448;175,507;;0,999702602;1,000039846;0,999471519;0,99981056;;jun/19;-0,0250;-0,4713;0,0226;0,0091;;;;;;;;;;;
jul/19;175,074;275,594;137,265;180,497;;1,000526208;1,003130589;1,000686426;1,000284319;;jul/19;0,0236;-0,0919;0,0783;0,0287;;;;;;;;;;;
ago/19;174,468;214,421;140,803;180,631;;0,999965386;0,997780322;1,00025775;1,000007424;;ago/19;0,0194;0,0944;0,0415;0,0102;;;;;;;;;;;
set/19;171,368;169,262;136,635;180,377;;0,999822317;0,99789391;0,999703984;0,999985938;;set/19;0,0314;-0,1204;0,0648;0,0278;;;;;;;;;;;
out/19;176,375;149,504;143,246;184,236;;1,000292178;0,998832697;1,000483844;1,000213941;;out/19;0,0080;-0,5483;0,0445;0,0207;;;;;;;;;;;
nov/19;171,467;148,759;134,599;181,516;;0,999721729;0,999950169;0,999396353;0,999852363;;nov/19;-0,0164;-0,3321;-0,0416;0,0052;;;;;;;;;;;
dez/19;168,259;160,086;121,969;183,319;;0,999812909;1,000761433;0,999061657;1,00009933;;dez/19;-0,0173;-0,0457;-0,1058;0,0166;;;;;;;;;;;
jan/20;165,455;170,653;124,823;176,493;;0,999833352;1,000660083;1,000233994;0,999627644;;jan/20;-0,0632;0,1372;-0,1308;-0,0421;;;;;;;;;;;
fev/20;166,442;312,765;122,748;172,404;;1,000059654;1,008327542;0,999833765;0,999768319;;fev/20;-0,0294;0,9761;-0,0871;-0,0505;;;;;;;;;;;
mar/20;170,906;409,446;124,053;173,875;;1,000268202;1,003091171;1,000106315;1,000085323;;mar/20;0,0161;1,2112;0,0174;-0,0519;;;;;;;;;;;
abr/20;149,575;372,827;104,551;155,328;;0,998751887;0,999105645;0,99842793;0,998933314;;abr/20;-0,0921;1,0540;-0,1632;-0,1213;;;;;;;;;;;
mai/20;150,467;219,762;114,027;158,229;;1,000059636;0,995894477;1,000906352;1,000186766;;mai/20;-0,0921;-0,1920;-0,0561;-0,0795;;;;;;;;;;;
jun/20;157,387;221,544;121,602;164,678;;1,000459902;1,000081088;1,000664316;1,000407574;;jun/20;-0,0729;-0,4916;-0,0003;-0,0473;;;;;;;;;;;
jul/20;167,338;282,518;135,732;169,832;;1,000632263;1,00275223;1,001161987;1,000312974;;jul/20;0,1152;-0,1284;0,2735;0,0908;;;;;;;;;;;
ago/20;167,5;215,503;138,768;172,319;;1,000009681;0,997627939;1,000223676;1,000146439;;ago/20;0,1102;0,0455;0,2051;0,0867;;;;;;;;;;;
set/20;170,259;172,529;140,392;177,24;;1,000164716;0,998005875;1,00011703;1,000285575;;set/20;0,0807;-0,1621;0,1503;0,0745;;;;;;;;;;;
out/20;172,302;147,511;143,811;178,373;;1,000119994;0,998549925;1,000243532;1,000063925;;out/20;0,0294;-0,5805;0,0584;0,0496;;;;;;;;;;;
nov/20;171,012;148,966;135,317;179,815;;0,999925131;1,000098637;0,999409364;1,000080842;;nov/20;0,0210;-0,3343;-0,0230;0,0430;;;;;;;;;;;
dez/20;171,063;162,566;129,579;182,969;;1,000002982;1,00091296;0,999575959;1,000175402;;dez/20;0,0048;-0,0440;-0,0771;0,0320;;;;;;;;;;;
jan/21;164,24;168,905;130,979;172,692;;0,999601141;1,000389934;1,000108042;0,99943832;;jan/21;-0,0471;0,1402;-0,0906;-0,0306;;;;;;;;;;;
fev/21;168,397;329,19;127,142;171,42;;1,000253105;1,009489654;0,999707052;0,999926343;;fev/21;-0,0143;1,0805;-0,0609;-0,0460;;;;;;;;;;;
mar/21;178,965;430,193;136,627;175,997;;1,000627565;1,003068228;1,000746016;1,000267005;;mar/21;0,0482;1,2982;0,0561;-0,0368;;;;;;;;;;;
abr/21;172,052;388,048;131,051;172,319;;0,999613723;0,999020323;0,999591882;0,999791019;;abr/21;0,0494;1,1595;0,0045;-0,0016;;;;;;;;;;;
mai/21;171,192;206,943;137,386;178,387;;0,999950015;0,995332923;1,0004834;1,000352138;;mai/21;0,0191;-0,2591;0,0821;0,0410;;;;;;;;;;;
jun/21;170,891;203,858;135,494;179,167;;0,999982417;0,999850925;0,999862286;1,000043725;;jun/21;-0,0454;-0,5790;-0,0063;0,0187;;;;;;;;;;;
jul/21;176,389;248,117;140,348;182,324;;1,000321726;1,00217107;1,000358245;1,000176204;;jul/21;0,0254;-0,2655;0,0704;0,0572;;;;;;;;;;;
ago/21;176,351;208,473;141,923;183,851;;0,999997846;0,998402205;1,000112221;1,000083752;;ago/21;0,0302;0,0421;0,0333;0,0304;;;;;;;;;;;
set/21;173,637;168,254;138,531;183,171;;0,999846102;0,998070781;0,999760997;0,999963014;;set/21;0,0166;-0,1361;0,0231;0,0223;;;;;;;;;;;
out/21;172,496;149,939;135,139;183,232;;0,999934288;0,998911467;0,999755145;1,00000333;;out/21;-0,0222;-0,4609;-0,0372;0,0050;;;;;;;;;;;
nov/21;174,49;163,567;131,591;187,171;;1,000115597;1,000908903;0,999737456;1,000214973;;nov/21;-0,0104;-0,2109;-0,0746;0,0181;;;;;;;;;;;
dez/21;174,895;171,202;126,504;190,839;;1,00002321;1,000466781;0,999613423;1,000195971;;dez/21;0,0073;0,0286;-0,0894;0,0414;;;;;;;;;;;
jan/22;164,395;161,907;125,257;177,676;;0,99939964;0,999457074;0,999901426;0,999310256;;jan/22;-0,0462;0,0832;-0,0748;-0,0279;;;;;;;;;;;
fev/22;171,098;308,609;124,585;177,993;;1,000407737;1,009060881;0,99994635;1,000017841;;fev/22;-0,0170;0,8984;-0,0539;-0,0476;;;;;;;;;;;
mar/22;183,647;396,159;135,824;183,938;;1,000733439;1,002836923;1,000902115;1,000334002;;mar/22;0,0540;1,1374;0,0750;-0,0338;;;;;;;;;;;
abr/22;178,221;356,508;132,395;181,231;;0,999704542;0,998999114;0,999747541;0,999852831;;abr/22;0,0846;1,0911;0,0596;0,0205;;;;;;;;;;;
mai/22;177,818;216,776;138,886;187,089;;0,999977388;0,996080537;1,000490275;1,000323234;;mai/22;0,0415;-0,2093;0,1140;0,0510;;;;;;;;;;;
jun/22;176,316;218,213;137,011;186,619;;0,999915532;1,00006629;0,999864997;0,999974878;;jun/22;-0,0403;-0,4850;0,0103;0,0151;;;;;;;;;;;
jul/22;183,66;284,867;142,697;189,952;;1,000416525;1,003054538;1,000415003;1,000178599;;jul/22;0,0309;-0,0811;0,0770;0,0477;;;;;;;;;;;
ago/22;185,124;222,09;146,842;193,931;;1,000079713;0,99779627;1,000290476;1,000209474;;ago/22;0,0412;0,0910;0,0571;0,0363;;;;;;;;;;;
set/22;180,341;173,013;142,371;192,769;;0,999741633;0,99779022;0,999695523;0,999940082;;set/22;0,0238;-0,1368;0,0401;0,0328;;;;;;;;;;;
out/22;179,918;147,246;143,201;192,874;;0,999976544;0,99851069;1,000058298;1,000005447;;out/22;-0,0202;-0,5891;0,0044;0,0155;;;;;;;;;;;
nov/22;178,62;158,065;137,713;192,732;;0,999927856;1,000734757;0,999616762;0,999992638;;nov/22;-0,0354;-0,2964;-0,0629;-0,0062;;;;;;;;;;;
dez/22;177,401;161,307;130,461;195,735;;0,999931755;1,000205105;0,999473398;1,000155812;;dez/22;-0,0164;-0,0551;-0,0851;0,0154;;;;;;;;;;;
jan/23;171,581;187,754;128,876;184,773;;0,99967193;1,001639544;0,999878508;0,999439957;;jan/23;-0,0468;0,2581;-0,1031;-0,0412;;;;;;;;;;;
fev/23;176,218;386,536;124,641;181,005;;1,000270251;1,010587364;0,99967139;0,999796074;;fev/23;-0,0126;1,2452;-0,0976;-0,0608;;;;;;;;;;;
mar/23;194,413;502,973;138,295;192,519;;1,001032528;1,00301232;1,001095466;1,000636115;;mar/23;0,0975;1,5293;0,0645;-0,0128;;;;;;;;;;;
abr/23;184,048;449,206;129,916;186,207;;0,999466857;0,998931016;0,999394121;0,999672136;;abr/23;0,0769;1,2548;0,0160;0,0104;;;;;;;;;;;
mai/23;185,274;263,694;142,322;193,097;;1,000066613;0,995870224;1,000954925;1,000370018;;mai/23;0,0565;-0,2198;0,1444;0,0678;;;;;;;;;;;
jun/23;183,531;257,28;139,862;193,257;;0,999905923;0,999756764;0,999827153;1,000008286;;jun/23;-0,0561;-0,5436;0,0176;0,0050;;;;;;;;;;;
jul/23;188,47;327,785;143,695;194,417;;1,00026911;1,0027404;1,000274056;1,000060024;;jul/23;0,0242;-0,1644;0,1056;0,0438;;;;;;;;;;;
ago/23;189,871;239,837;148,649;198,863;;1,000074335;0,9973169;1,000344758;1,000228684;;ago/23;0,0249;-0,0193;0,0446;0,0297;;;;;;;;;;;
set/23;183,716;177,677;144,591;196,559;;0,999675833;0,99740824;0,999727008;0,999884141;;set/23;0,0019;-0,2542;0,0346;0,0173;;;;;;;;;;;
out/23;183,28;148,873;146,764;195,983;;0,999976268;0,998378856;1,000150286;0,999970696;;out/23;-0,0274;-0,6881;0,0222;0,0083;;;;;;;;;;;
nov/23;183,674;157,24;142,711;198;;1,000021497;1,000562023;0,999723842;1,000102917;;nov/23;-0,0326;-0,3649;-0,0399;-0,0042;;;;;;;;;;;
dez/23;181,744;163,059;134,398;200,422;;0,999894923;1,000370071;0,999417494;1,000122323;;dez/23;-0,0107;-0,0690;-0,0708;0,0196;;;;;;;;;;;
jan/24;179,627;191,439;133,971;193,53;;0,999883517;1,001740474;0,999968229;0,999656126;;jan/24;-0,0200;0,2674;-0,0890;-0,0119;;;;;;;;;;;
fev/24;182,712;359,085;132,149;188,798;;1,000171745;1,00875715;0,999864;0,99975549;;fev/24;-0,0050;1,0887;-0,0750;-0,0466;;;;;;;;;;;
mar/24;193,752;467,381;137,516;195,762;;1,00060423;1,003015888;1,000406132;1,00036886;;mar/24;0,0660;1,3560;0,0238;-0,0220;;;;;;;;;;;
abr/24;193,915;428,373;140,884;196,622;;1,000008413;0,999165392;1,000244917;1,000043931;;abr/24;0,0784;1,0955;0,0515;0,0168;;;;;;;;;;;
mai/24;187,812;256,493;143,512;197,12;;0,999685274;0,995987609;1,000186536;1,000025328;;mai/24;0,0298;-0,1842;0,0838;0,0438;;;;;;;;;;;
jun/24;189,559;252,942;144,256;199,462;;1,000093019;0,999861556;1,000051842;1,000118811;;jun/24;-0,0213;-0,4981;0,0483;0,0188;;;;;;;;;;;
jul/24;197,605;321,005;150,838;204,064;;1,000424459;1,002690854;1,000456272;1,000230721;;jul/24;0,0203;-0,1471;0,0695;0,0375;;;;;;;;;;;
ago/24;195,439;238,265;152,29;205,153;;0,999890387;0,99742247;1,000096262;1,000053366;;ago/24;0,0408;-0,0032;0,0604;0,0403;;;;;;;;;;;
set/24;191,763;180;149,42;204,777;;0,999811911;0,997554614;0,999811544;0,999981672;;set/24;0,0127;-0,2339;0,0364;0,0266;;;;;;;;;;;
out/24;193,934;145,606;154,165;206,567;;1,000113213;0,998089222;1,000317561;1,000087412;;out/24;-0,0185;-0,6918;0,0225;0,0122;;;;;;;;;;;
nov/24;188,921;150,177;145,363;203,632;;0,99974151;1,000313929;0,999429053;0,999857915;;nov/24;-0,0333;-0,4039;-0,0442;-0,0073;;;;;;;;;;;
dez/24;185,687;166,502;134,91;204,543;;0,999828817;1,001087051;0,999280904;1,000044738;;dez/24;-0,0316;-0,0512;-0,0972;-0,0010;;;;;;;;;;;
jan/25;183,279;207,16;136,637;196,371;;0,999870319;1,002441893;1,000128011;0,999600475;;jan/25;-0,0559;0,3847;-0,1162;-0,0497;;;;;;;;;;;
fev/25;188,53;392,328;134,671;194,079;;1,000286503;1,008938405;0,999856115;0,999883282;;fev/25;-0,0014;1,2502;-0,0735;-0,0471;;;;;;;;;;;
mar/25;200,145;521,944;142,023;199,744;;1,000616082;1,003303766;1,000545923;1,000291891;;mar/25;0,0773;1,4744;0,0530;-0,0224;;;;;;;;;;;
abr/25;197,163;474,406;141,426;199,452;;0,999851008;0,999089213;0,999957965;0,999985381;;abr/25;0,0754;1,1350;0,0360;0,0161;;;;;;;;;;;
mai/25;194,814;272,637;147,515;204,262;;0,99988086;0,995746913;1,000430543;1,000241161;;mai/25;0,0348;-0,1873;0,0935;0,0518;;;;;;;;;;;
jun/25;192,767;264,222;143,804;204,051;;0,999894925;0,999691348;0,999748432;0,99998967;;jun/25;-0,0373;-0,5467;0,0137;0,0216;;;;;;;;;;;
